fsid,count,name,state_name,state_fsid,properties,lsad,longitude,latitude
3900142,419.0,Aberdeen,Ohio,39,1085,47,-83.7702682621,38.6711312365
3900198,44.0,Ada,Ohio,39,2151,47,-83.8252418871,40.7679843588
3900436,209.0,Addyston,Ohio,39,947,47,-84.7102945417,39.136995614899995
3900450,7.0,Adelphi,Ohio,39,256,47,-82.7456326248,39.4646265816
3900464,356.0,Adena,Ohio,39,719,47,-80.8762096976,40.2166633701
3901000,4308.0,Akron,Ohio,39,95247,25,-81.5219194246,41.0801445446
3901042,28.0,Albany,Ohio,39,788,47,-82.1976928023,39.224430187399996
3901154,15.0,Alexandria,Ohio,39,250,47,-82.6119636124,40.090025893
3901210,32.0,Alger,Ohio,39,617,47,-83.8440305586,40.7094391637
3901420,287.0,Alliance,Ohio,39,11417,25,-81.1189162342,40.9107159371
3901588,12.0,Alvordton,Ohio,39,273,57,-84.4346788027,41.6646674893
3901630,28.0,Amanda,Ohio,39,429,47,-82.742152907,39.6501626997
3901672,72.0,Amberley,Ohio,39,1990,47,-84.4283228206,39.203321885
3901742,42.0,Amelia,Ohio,39,2173,47,-84.2183219245,39.0228892704
3901784,161.0,Amesville,Ohio,39,232,47,-81.9549569159,39.4014869595
3901798,285.0,Amherst,Ohio,39,6520,25,-82.2303462581,41.402245160700005
3901938,142.0,Amsterdam,Ohio,39,419,47,-80.9216882336,40.471733496999995
3902022,15.0,Andersonville,Ohio,39,381,57,-83.0189612592,39.4338979638
3902050,47.0,Andover,Ohio,39,684,47,-80.5686863544,41.6065505523
3902092,42.0,Anna,Ohio,39,876,47,-84.1759014136,40.3957944122
3902120,30.0,Ansonia,Ohio,39,544,47,-84.6343978644,40.214114529899994
3902232,71.0,Apple Creek,Ohio,39,641,47,-81.8334454941,40.7487078721
3902266,378.0,Apple Valley,Ohio,39,6820,57,-82.3481179362,40.4388743548
3902274,59.0,Aquilla,Ohio,39,969,47,-81.1730641453,41.5465227109
3902316,107.0,Arcadia,Ohio,39,429,47,-83.5146172275,41.1079094505
3902330,34.0,Arcanum,Ohio,39,1142,47,-84.5543227112,39.9923083935
3902344,97.0,Archbold,Ohio,39,2154,47,-84.30348188890001,41.5160696329
3902400,93.0,Arlington,Ohio,39,735,47,-83.65295362810001,40.8938837297
3902428,184.0,Arlington Heights,Ohio,39,585,47,-84.4555027109,39.2151835294
3902568,575.0,Ashland,Ohio,39,9859,25,-82.3156548389,40.8668689662
3902582,1.0,Ashley,Ohio,39,545,47,-82.9516526941,40.409805431100004
3902638,518.0,Ashtabula,Ohio,39,10983,25,-80.798365308,41.880479403
3902680,20.0,Ashville,Ohio,39,1689,47,-82.957497418,39.7238891383
3902722,320.0,Athalia,Ohio,39,349,47,-82.3095555096,38.5127012216
3902736,3251.0,Athens,Ohio,39,7461,25,-82.0988999333,39.3268157121
3902820,13.0,Attica,Ohio,39,591,47,-82.8871418678,41.0634765633
3902848,24.0,Atwater,Ohio,39,518,57,-81.16220234560001,41.0265630417
3903086,315.0,Aurora,Ohio,39,6509,25,-81.3450138915,41.3118500761
3903142,20.0,Austinburg,Ohio,39,254,57,-80.8556041131,41.7691687802
3903184,297.0,Austintown,Ohio,39,13506,57,-80.7404759013,41.0932129473
3903352,984.0,Avon,Ohio,39,10783,25,-82.01873952060001,41.4485234653
3903464,386.0,Avon Lake,Ohio,39,13585,25,-82.0160749025,41.4945027443
3903562,20.0,Bailey Lakes,Ohio,39,295,47,-82.3569662522,40.9489956843
3903585,38.0,Bainbridge,Ohio,39,1789,57,-81.3365506496,41.3944474728
3903604,158.0,Bainbridge,Ohio,39,665,47,-83.2695616882,39.2264638135
3903646,56.0,Bairdstown,Ohio,39,225,47,-83.6072888088,41.171184289
3903716,116.0,Ballville,Ohio,39,1610,57,-83.1367187178,41.326948726
3903744,149.0,Baltic,Ohio,39,460,47,-81.701556581,40.4436883928
3903758,123.0,Baltimore,Ohio,39,1494,47,-82.6046898464,39.8459100959
3903786,7.0,Bannock,Ohio,39,152,57,-80.9755591506,40.1042590648
3903828,1396.0,Barberton,Ohio,39,13808,25,-81.603658608,41.0095736444
3903926,79.0,Barnesville,Ohio,39,3062,47,-81.172752085,39.9887839016
3903940,85.0,Barnhill,Ohio,39,239,47,-81.3679074946,40.4496626073
3904094,16.0,Bascom,Ohio,39,265,57,-83.28692521239999,41.129042087399995
3904150,81.0,Batavia,Ohio,39,1287,47,-84.1718587063,39.0814979615
3904192,3.0,Batesville,Ohio,39,144,47,-81.2823633454,39.9156093505
3904416,146.0,Bay Village,Ohio,39,6883,25,-81.92853276529999,41.4885572432
3904458,31.0,Beach City,Ohio,39,616,47,-81.57973165109999,40.6531315795
3904500,139.0,Beachwood,Ohio,39,4167,25,-81.5029659129,41.4758603992
3904542,4.0,Beallsville,Ohio,39,384,47,-81.0353906845,39.8488690676
3904696,16.0,Beaver,Ohio,39,308,47,-82.8252540591,39.0319220919
3904720,739.0,Beavercreek,Ohio,39,19105,25,-84.0623817661,39.730969564
3904752,4.0,Beaverdam,Ohio,39,228,47,-83.9737883073,40.832799669699995
3904840,99.0,Beckett Ridge,Ohio,39,3772,57,-84.43803976,39.344804232899996
3904878,147.0,Bedford,Ohio,39,5985,25,-81.5358975781,41.3918571862
3904920,153.0,Bedford Heights,Ohio,39,4053,25,-81.5053181951,41.4041354796
3905013,33.0,Beechwood Trails,Ohio,39,1281,57,-82.6462965214,40.0251280421
3905074,1604.0,Bellaire,Ohio,39,3642,47,-80.74705209439999,40.0169284217
3905102,203.0,Bellbrook,Ohio,39,3087,25,-84.0862880067,39.6383509773
3905116,74.0,Belle Center,Ohio,39,503,47,-83.7453396443,40.5088860073
3905130,334.0,Bellefontaine,Ohio,39,6363,25,-83.7629962474,40.362713018899996
3905158,228.0,Belle Valley,Ohio,39,445,47,-81.5565315516,39.7888190005
3905228,1046.0,Bellevue,Ohio,39,4186,25,-82.8393425629,41.2742774215
3905284,119.0,Bellville,Ohio,39,1204,47,-82.5237060146,40.6291579619
3905312,7.0,Belmont,Ohio,39,492,47,-81.04093286850001,40.0279794124
3905410,30.0,Beloit,Ohio,39,507,47,-80.9963383219,40.9195384534
3905424,2063.0,Belpre,Ohio,39,4522,25,-81.5970473761,39.2814278522
3905550,49.0,Bentleyville,Ohio,39,393,47,-81.4120840855,41.4121763376
3905662,6.0,Benton Ridge,Ohio,39,182,47,-83.79266439220001,41.0042358385
3905676,20.0,Bentonville,Ohio,39,225,57,-83.61026690850001,38.745518518400004
3905690,146.0,Berea,Ohio,39,7741,25,-81.86428279270001,41.3696702676
3905718,105.0,Bergholz,Ohio,39,579,47,-80.8850568945,40.5207960433
3905732,25.0,Berkey,Ohio,39,232,47,-83.8383917873,41.7083466428
3905816,6.0,Berlin,Ohio,39,663,57,-81.80114137470001,40.5627328538
3905900,17.0,Berlin Heights,Ohio,39,414,47,-82.4904199062,41.320431461999995
3906068,160.0,Bethel,Ohio,39,1714,47,-84.0846564103,38.9627131384
3906138,45.0,Bethesda,Ohio,39,992,47,-81.0727623761,40.016408874
3906194,367.0,Bettsville,Ohio,39,480,47,-83.233872476,41.2440549765
3906222,244.0,Beverly,Ohio,39,1237,47,-81.6362013453,39.5499846519
3906278,117.0,Bexley,Ohio,39,4701,25,-82.9342440799,39.9650233379
3906670,439.0,Blacklick Estates,Ohio,39,3177,57,-82.8654862725,39.9049020017
3906740,25.0,Bladensburg,Ohio,39,145,57,-82.2836551762,40.2852094256
3906810,6.0,Blakeslee,Ohio,39,137,47,-84.7310869211,41.524225881199996
3906908,166.0,Blanchester,Ohio,39,2369,47,-83.97983106550001,39.2933363876
3907062,43.0,Bloomdale,Ohio,39,537,47,-83.55343654,41.1715710529
3907202,2.0,Bloomingdale,Ohio,39,146,47,-80.8178503104,40.3422279491
3907286,33.0,Bloomville,Ohio,39,652,47,-83.0136683859,41.0513732386
3907300,303.0,Blue Ash,Ohio,39,8016,25,-84.38247819760001,39.2478321912
3907377,33.0,Blue Jay,Ohio,39,858,57,-84.7441324765,39.2308242545
3907426,148.0,Bluffton,Ohio,39,1735,47,-83.8886176433,40.8912384665
3907454,394.0,Boardman,Ohio,39,16030,57,-80.6670774235,41.0333537741
3907583,21.0,Bolindale,Ohio,39,1695,57,-80.7781137389,41.2088349888
3907594,21.0,Bolivar,Ohio,39,652,47,-81.4555144458,40.6505802706
3907790,28.0,Boston Heights,Ohio,39,901,47,-81.5087464782,41.2536209434
3907832,53.0,Botkins,Ohio,39,828,47,-84.178147439,40.458539029899995
3907888,27.0,Bourneville,Ohio,39,174,57,-83.1596105879,39.2828557543
3907916,94.0,Bowerston,Ohio,39,327,47,-81.187386891,40.427261941
3907930,8.0,Bowersville,Ohio,39,248,47,-83.7233256855,39.580786785
3907972,311.0,Bowling Green,Ohio,39,9633,25,-83.6500141324,41.377285862600004
3908084,120.0,Bradford,Ohio,39,1139,47,-84.4292735149,40.131819779699995
3908112,2.0,Bradner,Ohio,39,823,47,-83.4363158438,41.3236722271
3908168,33.0,Brady Lake,Ohio,39,624,47,-81.3141935546,41.1623163405
3908336,19.0,Bratenahl,Ohio,39,951,47,-81.6056550896,41.5559981956
3908364,343.0,Brecksville,Ohio,39,6273,25,-81.61932766529999,41.307935984400004
3908378,27.0,Brecon,Ohio,39,252,57,-84.3524357135,39.2797589859
3908392,116.0,Bremen,Ohio,39,777,47,-82.4295519791,39.7060807576
3908504,98.0,Brewster,Ohio,39,1477,47,-81.59890068920001,40.7134785211
3908532,4.0,Brice,Ohio,39,89,47,-82.83182090359999,39.9173598574
3908560,711.0,Bridgeport,Ohio,39,1780,47,-80.7476156992,40.0670790103
3908602,330.0,Bridgetown,Ohio,39,7017,57,-84.6359068137,39.1551249407
3908812,272.0,Brilliant,Ohio,39,1101,57,-80.6319312623,40.2701616963
3908826,53.0,Brimfield,Ohio,39,1494,57,-81.3482402392,41.0941375664
3909064,220.0,Broadview Heights,Ohio,39,8767,25,-81.6781771113,41.3195265547
3909200,12.0,Brookfield Center,Ohio,39,769,57,-80.55576986359999,41.2386157673
3909246,114.0,Brooklyn,Ohio,39,4251,25,-81.7497939674,41.4348660347
3909274,43.0,Brooklyn Heights,Ohio,39,890,47,-81.6679900991,41.4178095206
3909288,379.0,Brook Park,Ohio,39,8543,25,-81.821746528,41.4036695356
3909316,217.0,Brookside,Ohio,39,403,47,-80.76061163189999,40.0708294175
3909358,116.0,Brookville,Ohio,39,2969,25,-84.4175584888,39.8392768165
3909596,9.0,Brownsville,Ohio,39,168,57,-82.2516558967,39.9437155341
3909680,262.0,Brunswick,Ohio,39,13728,25,-81.81974715369999,41.246501821799995
3909792,129.0,Bryan,Ohio,39,4388,25,-84.54887719,41.4710988262
3909834,209.0,Buchtel,Ohio,39,716,47,-82.1810563186,39.4633750742
3909890,102.0,Buckeye Lake,Ohio,39,1514,47,-82.4825893179,39.935482381599996
3909974,1.0,Buckland,Ohio,39,148,47,-84.2603929153,40.6240159122
3910030,663.0,Bucyrus,Ohio,39,7598,25,-82.9719163972,40.8053404006
3910128,40.0,Buffalo,Ohio,39,553,57,-81.5204181461,39.9168615135
3910156,43.0,Buford,Ohio,39,233,57,-83.8392662938,39.071988066100005
3910254,25.0,Burbank,Ohio,39,223,47,-81.9946901592,40.9863665245
3910282,38.0,Burgoon,Ohio,39,188,47,-83.2507433371,41.267413626999996
3910296,8.0,Burkettsville,Ohio,39,182,47,-84.6425149074,40.3530590572
3910352,1541.0,Burlington,Ohio,39,1995,57,-82.52838835760001,38.410002064000004
3910436,8.0,Burton,Ohio,39,605,47,-81.1455881465,41.4707638478
3910632,179.0,Butler,Ohio,39,742,47,-82.4211523977,40.589590292
3910674,20.0,Butlerville,Ohio,39,125,47,-84.0903744171,39.301618092199995
3910716,158.0,Byesville,Ohio,39,1719,47,-81.5458132497,39.9733236404
3910800,94.0,Cadiz,Ohio,39,2362,47,-80.9980311696,40.264379865900004
3910884,21.0,Cairo,Ohio,39,303,47,-84.0846914972,40.8305050787
3910926,185.0,Calcutta,Ohio,39,2356,57,-80.56239157899999,40.6847090908
3910940,75.0,Caldwell,Ohio,39,1171,47,-81.51278723909999,39.7468317648
3910954,12.0,Caledonia,Ohio,39,347,47,-82.96939142810001,40.636310906700004
3910996,659.0,Cambridge,Ohio,39,8051,25,-81.5867492943,40.0221790578
3911024,90.0,Camden,Ohio,39,976,47,-84.6446065554,39.637310224400004
3911066,73.0,Campbell,Ohio,39,6449,25,-80.5903226861,41.077709794499995
3911150,45.0,Camp Dennison,Ohio,39,411,57,-84.2893753722,39.1964055953
3911304,116.0,Canal Fulton,Ohio,39,2419,25,-81.5886990496,40.8896452794
3911318,33.0,Canal Lewisville,Ohio,39,281,57,-81.840231966,40.2989474666
3911332,96.0,Canal Winchester,Ohio,39,3783,25,-82.8121441621,39.8431997375
3911334,99.0,Candlewood Lake,Ohio,39,2908,57,-82.776383646,40.6214260571
3911360,87.0,Canfield,Ohio,39,3517,25,-80.7671315219,41.0314325275
3912000,3059.0,Canton,Ohio,39,39838,25,-81.3677597454,40.8075732142
3912056,23.0,Carbon Hill,Ohio,39,217,57,-82.2425616268,39.5020610403
3912084,68.0,Cardington,Ohio,39,1239,47,-82.8936498086,40.4979839945
3912112,201.0,Carey,Ohio,39,2186,47,-83.3826896487,40.949884150500004
3912168,572.0,Carlisle,Ohio,39,2756,47,-84.32006441979999,39.5807292999
3912252,25.0,Carroll,Ohio,39,304,47,-82.703853486,39.7990697198
3912280,75.0,Carrollton,Ohio,39,2080,47,-81.09004906140001,40.580362213600004
3912462,4.0,Casstown,Ohio,39,139,47,-84.1285132591,40.0527673999
3912476,47.0,Castalia,Ohio,39,528,47,-82.8080589896,41.400987772600004
3912504,6.0,Castine,Ohio,39,71,47,-84.6247177425,39.9310425502
3912700,6.0,Cecil,Ohio,39,20,47,-84.60173993869999,41.2190785203
3912784,94.0,Cedarville,Ohio,39,899,47,-83.8108141005,39.7469640517
3912868,188.0,Celina,Ohio,39,4866,25,-84.5628012294,40.555130634099996
3913036,19.0,Centerburg,Ohio,39,854,47,-82.6975040257,40.3034983613
3913169,6.0,Centerville,Ohio,39,101,47,-82.4457749916,38.897874028000004
3913190,252.0,Centerville,Ohio,39,10892,25,-84.14492504020001,39.6338920226
3913358,188.0,Chagrin Falls,Ohio,39,2135,47,-81.3886838966,41.4319927445
3913484,121.0,Champion Heights,Ohio,39,3311,57,-80.8513800694,41.3031090335
3913554,85.0,Chardon,Ohio,39,2585,25,-81.20812577470001,41.5802530221
3913694,21.0,Chatfield,Ohio,39,216,47,-82.9413682318,40.9518256888
3913778,514.0,Chauncey,Ohio,39,778,47,-82.1260521474,39.4005231383
3913834,8.0,Cherry Fork,Ohio,39,122,57,-83.612551065,38.88715422
3913848,23.0,Cherry Grove,Ohio,39,1718,57,-84.3219679283,39.0802280904
3913904,546.0,Chesapeake,Ohio,39,978,47,-82.4487142601,38.429816442399996
3913932,287.0,Cheshire,Ohio,39,311,47,-82.1130102443,38.9504091951
3914086,7.0,Chesterhill,Ohio,39,371,47,-81.8667140554,39.4907194153
3914100,61.0,Chesterland,Ohio,39,1271,57,-81.3362913265,41.5212589462
3914114,17.0,Chesterville,Ohio,39,199,47,-82.6817601689,40.477694999499995
3914128,231.0,Cheviot,Ohio,39,4037,25,-84.6138219519,39.1577420035
3914156,17.0,Chickasaw,Ohio,39,312,47,-84.4936375102,40.4365898756
3914184,1295.0,Chillicothe,Ohio,39,12174,25,-82.9936874178,39.3393216798
3914226,238.0,Chilo,Ohio,39,240,47,-84.13731885850001,38.793398108299996
3914254,81.0,Chippewa Lake,Ohio,39,685,47,-81.9046829116,41.0737045869
3914280,47.0,Chippewa Park,Ohio,39,2305,57,-83.8875252811,40.5160366442
3914288,26.0,Choctaw Lake,Ohio,39,844,57,-83.4877438731,39.9607818564
3914296,13.0,Christiansburg,Ohio,39,373,47,-84.0255355105,40.0567472735
3914324,100.0,Churchill,Ohio,39,2122,57,-80.66597612,41.1691831771
3915000,16552.0,Cincinnati,Ohio,39,163759,25,-84.5059743104,39.1411633528
3915008,109.0,Cinnamon Lake,Ohio,39,1789,57,-82.191344984,40.9835087642
3915070,421.0,Circleville,Ohio,39,5770,25,-82.9334493745,39.606139937600005
3915210,330.0,Clarington,Ohio,39,459,47,-80.86477536529999,39.7763214514
3915336,26.0,Clarksburg,Ohio,39,296,47,-83.1540809,39.5058983201
3915406,104.0,Clarksville,Ohio,39,360,47,-83.9828279717,39.4016463055
3915434,295.0,Clarktown,Ohio,39,753,57,-82.90853620909999,38.8497961616
3915588,4.0,Clay Center,Ohio,39,204,47,-83.3642872305,41.5732267797
3915644,341.0,Clayton,Ohio,39,6314,25,-84.3291704181,39.8689148555
3916000,6609.0,Cleveland,Ohio,39,170702,25,-81.6802294933,41.4792632806
3916014,373.0,Cleveland Heights,Ohio,39,16849,25,-81.5635743025,41.5112376315
3916028,227.0,Cleves,Ohio,39,1856,47,-84.746363851,39.1632565409
3916056,18.0,Clifton,Ohio,39,162,47,-83.8257486416,39.7971288361
3916182,76.0,Clinton,Ohio,39,918,47,-81.6305540028,40.928384955700004
3916266,6.0,Cloverdale,Ohio,39,196,47,-84.30367294060001,41.0192470695
3916308,209.0,Clyde,Ohio,39,2976,25,-82.9781462902,41.304490523000005
3916378,733.0,Coal Grove,Ohio,39,1882,47,-82.6423191916,38.497620062399996
3916434,189.0,Coalton,Ohio,39,572,47,-82.6108110676,39.1117567245
3916521,102.0,Coldstream,Ohio,39,840,57,-84.347350064,39.0479871156
3916532,34.0,Coldwater,Ohio,39,2180,47,-84.631669611,40.483300438200004
3916700,48.0,College Corner,Ohio,39,243,47,-84.8108708098,39.5682633491
3916784,26.0,Collins,Ohio,39,502,57,-82.4914793667,41.2508315335
3917036,162.0,Columbiana,Ohio,39,4271,25,-80.6749037167,40.8870979594
3918000,10609.0,Columbus,Ohio,39,275876,25,-82.98512577529999,39.9860265796
3918014,326.0,Columbus Grove,Ohio,39,1425,47,-84.0594601463,40.9190327041
3918070,50.0,Commercial Point,Ohio,39,946,47,-83.0621292774,39.7723675198
3918244,10.0,Concorde Hills,Ohio,39,281,57,-84.35708302479999,39.2106242546
3918266,35.0,Conesville,Ohio,39,251,47,-81.8917884839,40.184997332600005
3918308,20.0,Congress,Ohio,39,146,47,-82.0558579832,40.9251808325
3918350,369.0,Conneaut,Ohio,39,8432,25,-80.5685300732,41.9277873847
3918420,78.0,Connorville,Ohio,39,133,57,-80.7176064385,40.1937018702
3918504,3.0,Continental,Ohio,39,914,47,-84.2692261559,41.0997068853
3918546,28.0,Convoy,Ohio,39,599,47,-84.7052877637,40.9179050984
3918588,33.0,Coolville,Ohio,39,493,47,-81.7978087556,39.2201372459
3918770,215.0,Corning,Ohio,39,795,47,-82.0875665737,39.6016714787
3918812,126.0,Cortland,Ohio,39,2895,25,-80.7191880547,41.331794758
3918840,10.0,Corwin,Ohio,39,293,47,-84.0677369622,39.5248493507
3918868,852.0,Coshocton,Ohio,39,6814,25,-81.8479214462,40.261843896900004
3919008,185.0,Covedale,Ohio,39,3206,57,-84.6361423039,39.1266478263
3919050,130.0,Covington,Ohio,39,1445,47,-84.3508666882,40.1173843469
3919106,12.0,Craig Beach,Ohio,39,1774,47,-80.9827196286,41.115989837
3919330,308.0,Crestline,Ohio,39,3042,47,-82.7455556549,40.7835608565
3919344,40.0,Creston,Ohio,39,1114,47,-81.9000175703,40.976337490300004
3919400,29.0,Cridersville,Ohio,39,748,47,-84.145998532,40.6512390197
3919456,196.0,Crooksville,Ohio,39,1365,47,-82.0955425959,39.7691630356
3919554,104.0,Crown City,Ohio,39,351,47,-82.2911233354,38.589964673699996
3919596,81.0,Crystal Lakes,Ohio,39,1194,57,-84.0242796883,39.886238413
3919694,40.0,Cumberland,Ohio,39,326,47,-81.6587225732,39.853280670100006
3919736,93.0,Curtice,Ohio,39,870,57,-83.37427021069999,41.6159110883
3919750,7.0,Custar,Ohio,39,252,47,-83.8438097037,41.2845958994
3919778,677.0,Cuyahoga Falls,Ohio,39,22375,25,-81.5206013451,41.1640865978
3919806,51.0,Cuyahoga Heights,Ohio,39,541,47,-81.6562143789,41.4350141507
3919820,55.0,Cygnet,Ohio,39,638,47,-83.64374371689999,41.2406824982
3919974,55.0,Dalton,Ohio,39,1082,47,-81.7037798436,40.799210332
3920030,10.0,Damascus,Ohio,39,331,57,-80.9523461387,40.9042323659
3920114,112.0,Danville,Ohio,39,707,47,-82.26071768930001,40.4470976319
3920198,31.0,Darbydale,Ohio,39,477,57,-83.1794731051,39.854470733
3920212,20.0,Darbyville,Ohio,39,150,47,-83.1138383016,39.6957230628
3920268,20.0,Darrtown,Ohio,39,348,57,-84.66903428319999,39.4974747359
3920366,22.0,Day Heights,Ohio,39,1267,57,-84.2274644081,39.1754985059
3921000,5527.0,Dayton,Ohio,39,88577,25,-84.19978704100001,39.779763288699996
3921266,37.0,Deer Park,Ohio,39,3358,25,-84.3975008936,39.203704165
3921308,2790.0,Defiance,Ohio,39,9571,25,-84.3659739587,41.2809567075
3921378,22.0,De Graff,Ohio,39,736,47,-83.9166533417,40.3126948591
3921434,693.0,Delaware,Ohio,39,14314,25,-83.0747246583,40.286642196500004
3921518,88.0,Delhi Hills,Ohio,39,2234,57,-84.6176268708,39.0870896948
3921560,30.0,Dellroy,Ohio,39,302,47,-81.1992189539,40.5550330089
3921602,194.0,Delphos,Ohio,39,3267,25,-84.3368336633,40.8479948326
3921610,33.0,Delshire,Ohio,39,1133,57,-84.5949619348,39.0884946491
3921616,98.0,Delta,Ohio,39,1462,47,-84.0050279529,41.5752923824
3921714,185.0,Dennison,Ohio,39,1596,47,-81.3273716933,40.3972080729
3921742,172.0,Dent,Ohio,39,5635,57,-84.6593006449,39.1921920398
3921784,5.0,Derby,Ohio,39,255,57,-83.206807728,39.7640188906
3921812,190.0,Deshler,Ohio,39,984,47,-83.9055477978,41.2074491117
3921868,642.0,Devola,Ohio,39,2215,57,-81.4679857513,39.4739129842
3921910,23.0,Dexter City,Ohio,39,157,47,-81.4738808705,39.6592656168
3922008,55.0,Dillonvale,Ohio,39,1675,57,-84.40303743310001,39.2172304317
3922022,470.0,Dillonvale,Ohio,39,631,47,-80.7756594607,40.198532072
3922260,6.0,Dola,Ohio,39,203,57,-83.6989324665,40.7847696937
3922288,13.0,Donnelsville,Ohio,39,167,47,-83.9431989242,39.9159345558
3922456,840.0,Dover,Ohio,39,6207,25,-81.4805579181,40.5303165403
3922568,21.0,Doylestown,Ohio,39,1590,47,-81.695719585,40.969852658200004
3922610,178.0,Dresden,Ohio,39,972,47,-82.0130444839,40.121985865999996
3922624,69.0,Drexel,Ohio,39,2272,57,-84.29303370859999,39.738161536999996
3922660,67.0,Dry Ridge,Ohio,39,1746,57,-84.6338695283,39.2587263091
3922674,140.0,Dry Run,Ohio,39,3028,57,-84.3307584901,39.104735812600005
3922694,638.0,Dublin,Ohio,39,17664,25,-83.1452237442,40.111165801
3922820,160.0,Duncan Falls,Ohio,39,779,57,-81.911200285,39.8777249051
3922848,5.0,Dundee,Ohio,39,191,57,-81.6069405985,40.586814944699995
3922946,13.0,Dunkirk,Ohio,39,786,47,-83.6429787144,40.7879716829
3922960,79.0,Dunlap,Ohio,39,1102,57,-84.63024625770001,39.2908113275
3922974,8.0,Dupont,Ohio,39,315,47,-84.3010037716,41.054667480300004
3923324,47.0,East Canton,Ohio,39,926,47,-81.2836629295,40.7889831103
3923380,672.0,East Cleveland,Ohio,39,7247,25,-81.5795004324,41.5317801343
3923534,38.0,East Fultonham,Ohio,39,375,57,-82.1220889377,39.8471827793
3923618,864.0,Eastlake,Ohio,39,8968,25,-81.4322439303,41.6582518635
3923702,26.0,East Liberty,Ohio,39,264,57,-83.585018623,40.3339377613
3923730,1694.0,East Liverpool,Ohio,39,9814,25,-80.56777010260001,40.633246228800004
3923940,398.0,East Palestine,Ohio,39,3045,47,-80.5466076962,40.839067191
3924024,14.0,East Rochester,Ohio,39,169,57,-81.0399374278,40.7494853865
3924052,92.0,East Sparta,Ohio,39,550,47,-81.36270489399999,40.6637061429
3924066,1.0,East Springfield,Ohio,39,241,57,-80.8599239718,40.4473881147
3924234,157.0,Eaton,Ohio,39,4128,25,-84.6342166845,39.750616876900004
3924262,18.0,Eaton Estates,Ohio,39,495,57,-82.0114318772,41.3060784856
3924486,35.0,Edgerton,Ohio,39,1052,47,-84.7496590936,41.4497260131
3924542,228.0,Edgewood,Ohio,39,2590,57,-80.74604540909999,41.8783951985
3924598,16.0,Edison,Ohio,39,381,47,-82.8631909766,40.5582543612
3924640,49.0,Edon,Ohio,39,576,47,-84.7695521257,41.556145496199996
3924766,1.0,Eldorado,Ohio,39,389,47,-84.67533082899999,39.9042563693
3924794,1.0,Elgin,Ohio,39,68,47,-84.47600182859999,40.7425642651
3924808,35.0,Elida,Ohio,39,927,47,-84.1996567642,40.786770580100004
3924850,43.0,Elizabethtown,Ohio,39,258,57,-84.803876422,39.162007022800005
3925144,39.0,Elmore,Ohio,39,850,47,-83.29118526229999,41.4705661981
3925186,555.0,Elmwood Place,Ohio,39,1328,47,-84.48887639029999,39.1854493544
3925256,898.0,Elyria,Ohio,39,24193,25,-82.10628456939999,41.376117589699994
3925368,324.0,Empire,Ohio,39,330,47,-80.62611774199999,40.5116853177
3925396,117.0,Englewood,Ohio,39,5978,25,-84.3070461041,39.8643491156
3925452,123.0,Enon,Ohio,39,1067,47,-83.9329853455,39.8653505186
3925676,6.0,Etna,Ohio,39,492,57,-82.6878157129,39.954218154
3925704,407.0,Euclid,Ohio,39,19564,25,-81.5190161111,41.5923513731
3925802,243.0,Evendale,Ohio,39,1826,47,-84.42646341439999,39.2507571451
3925914,397.0,Fairborn,Ohio,39,14038,25,-84.00928296890001,39.8010803881
3925942,160.0,Fairfax,Ohio,39,1412,47,-84.397109638,39.1432003236
3925970,626.0,Fairfield,Ohio,39,15770,25,-84.54046683029999,39.330090736500004
3926110,76.0,Fairfield Beach,Ohio,39,1662,57,-82.4791167633,39.9182632136
3926166,126.0,Fairlawn,Ohio,39,3310,25,-81.621270035,41.1269548696
3926306,169.0,Fairport Harbor,Ohio,39,1655,47,-81.273103366,41.7476033418
3926348,3.0,Fairview,Ohio,39,170,47,-81.2349390692,40.0573487751
3926446,101.0,Fairview Park,Ohio,39,7023,25,-81.85297035020001,41.4419756634
3926656,24.0,Farmersville,Ohio,39,545,47,-84.42743113649999,39.678702974299995
3926768,39.0,Fayette,Ohio,39,668,47,-84.3283319716,41.672851841399996
3926796,12.0,Fayetteville,Ohio,39,425,47,-83.93174909,39.1848357288
3927048,1705.0,Findlay,Ohio,39,16380,25,-83.6379243643,41.046713229699996
3927104,259.0,Finneytown,Ohio,39,6461,57,-84.5145493888,39.2159501946
3927303,27.0,Five Points,Ohio,39,909,57,-84.1867815495,39.5594861222
3927356,15.0,Flat Rock,Ohio,39,149,57,-82.8591567535,41.2354900925
3927412,100.0,Fletcher,Ohio,39,422,47,-84.1118739063,40.1417880617
3927538,168.0,Florida,Ohio,39,188,47,-84.2002094208,41.3237872492
3927552,29.0,Flushing,Ohio,39,716,47,-81.0643736694,40.148162136399996
3927636,69.0,Forest,Ohio,39,1229,47,-83.51154493029999,40.8051955476
3927706,127.0,Forest Park,Ohio,39,6336,25,-84.52569497430001,39.2860197053
3927776,229.0,Forestville,Ohio,39,4691,57,-84.3388789068,39.0711315992
3927818,12.0,Fort Jennings,Ohio,39,427,47,-84.2996232857,40.9064495767
3927832,69.0,Fort Loramie,Ohio,39,962,47,-84.3695144414,40.3442451876
3927902,153.0,Fort Recovery,Ohio,39,949,47,-84.7759052299,40.4110850442
3927930,4.0,Fort Seneca,Ohio,39,145,57,-83.16796809899999,41.204327903
3927944,144.0,Fort Shawnee,Ohio,39,2898,57,-84.1486979905,40.6814347335
3928014,1862.0,Fostoria,Ohio,39,7300,25,-83.4119325021,41.1601619717
3928058,40.0,Four Bridges,Ohio,39,1083,57,-84.3542371366,39.3828071857
3928182,52.0,Frankfort,Ohio,39,714,47,-83.18418166890001,39.4068544025
3928476,502.0,Franklin,Ohio,39,4885,25,-84.2950081007,39.5538293391
3928532,1194.0,Franklin Furnace,Ohio,39,1343,57,-82.8440794991,38.6117034973
3928574,57.0,Frazeysburg,Ohio,39,614,47,-82.11713960979999,40.1182338236
3928616,120.0,Fredericksburg,Ohio,39,348,47,-81.86926684310001,40.6771283883
3928658,97.0,Fredericktown,Ohio,39,1471,47,-82.5486976765,40.4784825634
3928798,24.0,Freeport,Ohio,39,370,47,-81.268724893,40.2109829946
3928826,456.0,Fremont,Ohio,39,7068,25,-83.1146300107,41.3532743086
3928882,26.0,Fresno,Ohio,39,104,57,-81.7386274004,40.330801861
3928896,55.0,Friendship,Ohio,39,318,57,-83.1004658621,38.697975850300004
3928966,66.0,Fruit Hill,Ohio,39,1685,57,-84.36701197720001,39.069815486799996
3929050,2.0,Fulton,Ohio,39,248,47,-82.8284615391,40.4630609217
3929106,504.0,Gahanna,Ohio,39,13056,25,-82.8637569165,40.0251711769
3929148,51.0,Galena,Ohio,39,403,47,-82.8802867309,40.2219416529
3929162,453.0,Galion,Ohio,39,6733,25,-82.77864520600001,40.7382727959
3929204,2038.0,Gallipolis,Ohio,39,2978,47,-82.1932114895,38.818620675
3929246,23.0,Gambier,Ohio,39,363,47,-82.3948287585,40.3763634261
3929288,43.0,Gann,Ohio,39,142,47,-82.19133828140001,40.469194497
3929428,502.0,Garfield Heights,Ohio,39,12920,25,-81.60375643229999,41.4199373682
3929442,137.0,Garrettsville,Ohio,39,1271,47,-81.0932421568,41.2843093547
3929498,115.0,Gates Mills,Ohio,39,1327,47,-81.40995521069999,41.5315281982
3929610,242.0,Geneva,Ohio,39,2840,25,-80.9461522149,41.8006645148
3929652,133.0,Geneva-on-the-Lake,Ohio,39,2225,47,-80.9492287039,41.8562135244
3929722,230.0,Genoa,Ohio,39,1354,47,-83.3615795474,41.520008614
3929778,122.0,Georgetown,Ohio,39,2633,47,-83.8992515691,38.8683397388
3929932,228.0,Germantown,Ohio,39,2994,25,-84.364508345,39.6324574295
3929974,14.0,Gettysburg,Ohio,39,262,47,-84.4963806129,40.1155750641
3930072,36.0,Gibsonburg,Ohio,39,1259,47,-83.3216762519,41.3875289244
3930114,41.0,Gilboa,Ohio,39,190,47,-83.9217017842,41.018772320500005
3930198,195.0,Girard,Ohio,39,6517,25,-80.6961514603,41.1673602853
3930282,37.0,Glandorf,Ohio,39,718,47,-84.07900501600001,41.0278387152
3930352,160.0,Glencoe,Ohio,39,320,57,-80.8814184773,40.0105257337
3930380,37.0,Glendale,Ohio,39,1606,47,-84.457955338,39.2704622805
3930436,31.0,Glenford,Ohio,39,107,47,-82.3195966241,39.8865553536
3930506,129.0,Glenmont,Ohio,39,250,47,-82.0924601043,40.5190754618
3930520,91.0,Glenmoor,Ohio,39,1783,57,-80.6132973453,40.6639237697
3930632,46.0,Glenwillow,Ohio,39,473,47,-81.47280008279999,41.360623313000005
3930660,25.0,Gloria Glens Park,Ohio,39,466,47,-81.90103250189999,41.0578038038
3930674,778.0,Glouster,Ohio,39,1790,47,-82.0842303032,39.5022958714
3930702,87.0,Gnadenhutten,Ohio,39,747,47,-81.4292937209,40.3594708168
3930786,42.0,Golf Manor,Ohio,39,1945,47,-84.4467818579,39.1873565446
3930828,4.0,Good Hope,Ohio,39,149,57,-83.359405338,39.4467203581
3930996,38.0,Goshen,Ohio,39,503,57,-84.1532832343,39.2325263996
3931150,85.0,Grafton,Ohio,39,1517,47,-82.03680741859999,41.2807590117
3931206,210.0,Grand Rapids,Ohio,39,760,47,-83.8679400536,41.4077581701
3931234,72.0,Grand River,Ohio,39,421,47,-81.2846326734,41.741806016999995
3931262,218.0,Grandview,Ohio,39,836,57,-84.7246187928,39.1921268051
3931304,764.0,Grandview Heights,Ohio,39,3075,25,-83.0409153286,39.9793646272
3931402,198.0,Granville,Ohio,39,1916,47,-82.5024008894,40.0646554562
3931434,33.0,Granville South,Ohio,39,611,57,-82.54153357060001,40.0520860701
3931458,7.0,Gratiot,Ohio,39,151,47,-82.2167797972,39.9514954265
3931472,21.0,Gratis,Ohio,39,513,47,-84.5286112742,39.6484146257
3931860,523.0,Green,Ohio,39,11811,25,-81.4756543378,40.9483531317
3931948,50.0,Green Camp,Ohio,39,272,47,-83.20761298,40.5320163958
3932088,91.0,Greenfield,Ohio,39,2705,47,-83.388408407,39.353551681599996
3932158,33.0,Greenhills,Ohio,39,1684,47,-84.5191805763,39.2668951458
3932207,35.0,Green Meadows,Ohio,39,947,57,-83.9452980148,39.8672203658
3932256,43.0,Green Springs,Ohio,39,712,47,-83.0529734404,41.256895829099996
3932298,52.0,Greentown,Ohio,39,1667,57,-81.4020458909,40.9273810202
3932340,183.0,Greenville,Ohio,39,5820,25,-84.6208853883,40.1042086218
3932368,103.0,Greenwich,Ohio,39,1058,47,-82.5198505799,41.031768430300005
3932536,109.0,Groesbeck,Ohio,39,3294,57,-84.5969793871,39.2292248872
3932592,364.0,Grove City,Ohio,39,15460,25,-83.06937990770001,39.866043262199995
3932606,147.0,Groveport,Ohio,39,2641,25,-82.8978097781,39.8585847541
3932956,113.0,Hamden,Ohio,39,890,47,-82.5242993016,39.159116468200004
3932984,7.0,Hamersville,Ohio,39,413,47,-83.9854477176,38.9190595352
3933012,1702.0,Hamilton,Ohio,39,31611,25,-84.5652498256,39.393836770300005
3933096,222.0,Hamler,Ohio,39,375,47,-84.0355099536,41.2280832465
3933194,367.0,Hanging Rock,Ohio,39,502,47,-82.7275078624,38.5599674942
3933222,210.0,Hannibal,Ohio,39,414,57,-80.8741055345,39.6717693883
3933292,78.0,Hanover,Ohio,39,593,47,-82.2759677701,40.0824736713
3933306,140.0,Hanoverton,Ohio,39,395,47,-80.9354875818,40.7546944872
3933362,129.0,Harbor Hills,Ohio,39,2005,57,-82.434312581,39.9366017431
3933656,9.0,Harpster,Ohio,39,204,47,-83.25017832729999,40.738429857199996
3933740,23.0,Harrisburg,Ohio,39,197,47,-83.1684098849,39.810706784699995
3933838,339.0,Harrison,Ohio,39,5292,25,-84.7883107506,39.2571059148
3934118,67.0,Harrod,Ohio,39,267,47,-83.92134484420001,40.7074926836
3934202,12.0,Hartford,Ohio,39,226,47,-82.6883820343,40.2395446674
3934328,76.0,Hartville,Ohio,39,1629,47,-81.33483601340001,40.961751905199996
3934384,8.0,Harveysburg,Ohio,39,431,47,-83.9984878232,39.5021829441
3934412,7.0,Haskins,Ohio,39,640,47,-83.7043045218,41.464805122399994
3934552,1.0,Haviland,Ohio,39,3,47,-84.58529397689999,41.017788655100006
3934594,16.0,Haydenville,Ohio,39,192,57,-82.3238050317,39.480808909699995
3934636,3.0,Hayesville,Ohio,39,373,47,-82.2596175217,40.7752144277
3934748,382.0,Heath,Ohio,39,3964,25,-82.4411050757,40.0241373598
3934790,161.0,Hebron,Ohio,39,1145,47,-82.4898302866,39.964402667600005
3934888,55.0,Hemlock,Ohio,39,271,47,-82.1544739257,39.5904611451
3935028,113.0,Hessville,Ohio,39,158,57,-83.2430693854,41.4030573976
3935098,192.0,Hicksville,Ohio,39,2362,47,-84.7647366078,41.294386785
3935126,159.0,Hide-A-Way Hills,Ohio,39,1734,57,-82.4659699186,39.655122261
3935168,217.0,Higginsport,Ohio,39,267,47,-83.96730276,38.790023745700005
3935210,6.0,Highland,Ohio,39,167,47,-83.6000788086,39.3439457486
3935252,68.0,Highland Heights,Ohio,39,3852,25,-81.46912607600001,41.5517841646
3935255,7.0,Highland Hills,Ohio,39,228,47,-81.5190662892,41.4506881342
3935256,17.0,Highland Holiday,Ohio,39,498,57,-83.47032750439999,39.194918235
3935322,63.0,Highpoint,Ohio,39,1593,57,-84.3471314857,39.2891761225
3935476,217.0,Hilliard,Ohio,39,11579,25,-83.157782247,40.035193847399995
3935532,15.0,Hills and Dales,Ohio,39,154,47,-81.4439523018,40.8289351252
3935560,98.0,Hillsboro,Ohio,39,3845,25,-83.6111614657,39.2123197611
3935613,12.0,Hilltop,Ohio,39,1306,57,-80.7418117067,41.1643547937
3935658,6.0,Hiram,Ohio,39,306,47,-81.1428680822,41.311453559499995
3935826,168.0,Hockingport,Ohio,39,256,57,-81.7491710977,39.1908375419
3935854,105.0,Holgate,Ohio,39,680,47,-84.1292457659,41.2492888383
3935864,2.0,Holiday City,Ohio,39,68,47,-84.5388843188,41.6177802981
3935866,51.0,Holiday Lakes,Ohio,39,1381,57,-82.72911017189999,41.092358961799995
3935868,100.0,Holiday Valley,Ohio,39,630,57,-83.9620170013,39.8535980215
3935882,226.0,Holland,Ohio,39,795,47,-83.7082276819,41.619249541100004
3935896,1.0,Hollansburg,Ohio,39,146,47,-84.7930090106,39.9984929022
3935924,319.0,Holloway,Ohio,39,732,47,-81.1312766551,40.1621268137
3935994,17.0,Holmesville,Ohio,39,408,47,-81.9233262905,40.628992784
3936176,41.0,Homeworth,Ohio,39,331,57,-81.0649426672,40.8357465809
3936232,57.0,Hooven,Ohio,39,513,57,-84.7630276524,39.186426647800005
3936260,54.0,Hopedale,Ohio,39,671,47,-80.8954743105,40.3264681264
3936512,4.0,Howard,Ohio,39,187,57,-82.3274146334,40.4093199238
3936557,53.0,Howland Center,Ohio,39,2834,57,-80.744329799,41.248324578
3936568,10.0,Hoytville,Ohio,39,259,47,-83.7843693944,41.190003427600004
3936582,123.0,Hubbard,Ohio,39,3867,25,-80.5682289593,41.1593477199
3936610,502.0,Huber Heights,Ohio,39,18026,25,-84.1130979179,39.8594796438
3936624,47.0,Huber Ridge,Ohio,39,1615,57,-82.9172532159,40.0909716651
3936651,279.0,Hudson,Ohio,39,9546,25,-81.4407939255,41.2398421098
3936806,22.0,Hunter,Ohio,39,1002,57,-84.2902546721,39.4947331048
3936918,41.0,Hunting Valley,Ohio,39,468,47,-81.4107668611,41.480227502800005
3936988,57.0,Huntsville,Ohio,39,284,47,-83.8045033524,40.4422996243
3937016,248.0,Huron,Ohio,39,4268,25,-82.5623108568,41.397207853000005
3937142,34.0,Iberia,Ohio,39,364,57,-82.8402289925,40.6747192527
3937240,298.0,Independence,Ohio,39,3981,25,-81.6384840564,41.3779962128
3937422,272.0,Irondale,Ohio,39,510,47,-80.7259520999,40.5728008156
3937464,1437.0,Ironton,Ohio,39,7591,25,-82.6772911627,38.5317238736
3937604,7.0,Ithaca,Ohio,39,54,47,-84.5533320438,39.9377367019
3937842,815.0,Jackson,Ohio,39,4751,25,-82.64942046350001,39.046000144000004
3938220,73.0,Jackson Center,Ohio,39,1044,47,-84.0404715279,40.4385019841
3938304,154.0,Jacksonville,Ohio,39,438,47,-82.0798300494,39.4761530391
3938374,99.0,Jamestown,Ohio,39,1276,47,-83.7421849287,39.659900425500005
3938500,61.0,Jefferson,Ohio,39,1608,47,-80.76894643600001,41.738359987399996
3938920,95.0,Jeffersonville,Ohio,39,696,47,-83.5549918841,39.652164034
3938948,19.0,Jenera,Ohio,39,153,47,-83.7270632756,40.899500058899996
3939060,12.0,Jeromesville,Ohio,39,362,47,-82.1964084349,40.803745761900004
3939074,37.0,Jerry City,Ohio,39,425,47,-83.60230859229999,41.2536864992
3939130,7.0,Jerusalem,Ohio,39,157,47,-81.0959226673,39.8518847151
3939172,319.0,Jewett,Ohio,39,609,47,-81.0030025329,40.3680600905
3939340,86.0,Johnstown,Ohio,39,2471,47,-82.6880573844,40.1499255685
3939508,83.0,Junction City,Ohio,39,663,47,-82.2997798483,39.7216752379
3939536,50.0,Kalida,Ohio,39,930,47,-84.1951398983,40.9849842604
3939564,252.0,Kanauga,Ohio,39,252,57,-82.1494637942,38.8412093003
3939662,20.0,Kelleys Island,Ohio,39,1948,47,-82.7028418354,41.6033657775
3939872,301.0,Kent,Ohio,39,7232,25,-81.3610053108,41.1490462733
3939886,575.0,Kenton,Ohio,39,5357,25,-83.6099189559,40.644641774200004
3939914,134.0,Kenwood,Ohio,39,3121,57,-84.3745035478,39.2067406846
3940040,973.0,Kettering,Ohio,39,24386,25,-84.14957962220001,39.6956575258
3940054,3.0,Kettlersville,Ohio,39,155,47,-84.25976325970001,40.4389450986
3940096,31.0,Kidron,Ohio,39,479,57,-81.7467261575,40.743996273200004
3940124,5.0,Kilbourne,Ohio,39,120,57,-82.9592378463,40.3323043022
3940180,102.0,Killbuck,Ohio,39,560,47,-81.9824950792,40.4961235364
3940264,15.0,Kimbolton,Ohio,39,153,57,-81.5758349865,40.1508570952
3940348,9.0,Kings Mills,Ohio,39,683,57,-84.2504768479,39.3583902158
3940376,5.0,Kingston,Ohio,39,586,47,-82.9120080258,39.472279042800004
3940507,42.0,Kinsman Center,Ohio,39,512,57,-80.58543004159999,41.4544224596
3940544,12.0,Kipton,Ohio,39,256,47,-82.3039101172,41.2664980188
3940558,7.0,Kirby,Ohio,39,156,47,-83.4194079404,40.8134927932
3940572,12.0,Kirkersville,Ohio,39,270,47,-82.5985168253,39.9500211968
3940642,159.0,Kirtland,Ohio,39,3177,25,-81.3406237488,41.5968950659
3940670,33.0,Kirtland Hills,Ohio,39,421,47,-81.3192798956,41.6361984625
3941090,10.0,La Croft,Ohio,39,1605,57,-80.5997812259,40.6468262868
3941118,22.0,Lafayette,Ohio,39,231,47,-83.9499215388,40.7589113934
3941146,10.0,Lafayette,Ohio,39,166,57,-83.405526882,39.9407876522
3941188,93.0,Lafferty,Ohio,39,404,57,-81.0189304269,40.114248959499996
3941230,75.0,LaGrange,Ohio,39,1196,47,-82.1181378564,41.240036263200004
3941349,42.0,Lake Buckhorn,Ohio,39,1660,57,-81.9081613737,40.4744282768
3941363,23.0,Lake Darby,Ohio,39,1643,57,-83.2243464979,39.9605015315
3941373,38.0,Lake Lakengren,Ohio,39,1884,57,-84.68997048140001,39.689373796
3941398,17.0,Lakeline,Ohio,39,122,47,-81.4545200668,41.659504297699996
3941419,46.0,Lake Lorelei,Ohio,39,1830,57,-83.97150440109999,39.1875341406
3941440,104.0,Lake Milton,Ohio,39,1075,57,-80.9811903896,41.0960733433
3941443,62.0,Lake Mohawk,Ohio,39,1802,57,-81.1928310344,40.6607275273
3941454,261.0,Lakemore,Ohio,39,1937,47,-81.4264002404,41.0214183167
3941500,55.0,Lake Seneca,Ohio,39,1317,57,-84.6515933787,41.6695229857
3941597,61.0,Lake Tomahawk,Ohio,39,923,57,-80.59517787029999,40.7638235373
3941608,149.0,Lakeview,Ohio,39,822,47,-83.9266075769,40.4874613567
3941657,158.0,Lake Waynoka,Ohio,39,4151,57,-83.7786511098,38.940128594899996
3941664,172.0,Lakewood,Ohio,39,17996,25,-81.8015701006,41.4846547469
3941720,2815.0,Lancaster,Ohio,39,17632,25,-82.6048755504,39.724865503400004
3941755,41.0,Landen,Ohio,39,2767,57,-84.2766840717,39.3154488039
3941860,149.0,Lansing,Ohio,39,495,57,-80.79192548649999,40.0758795305
3941902,175.0,La Rue,Ohio,39,456,47,-83.3821245817,40.5781022837
3942028,8.0,Laura,Ohio,39,278,47,-84.408449358,39.9950855722
3942084,124.0,Laurelville,Ohio,39,253,47,-82.7373550423,39.4719608492
3942308,479.0,Leavittsburg,Ohio,39,1475,57,-80.8788325717,41.2451995693
3942364,259.0,Lebanon,Ohio,39,7584,25,-84.2135477896,39.4251078115
3942476,52.0,Leesburg,Ohio,39,733,47,-83.551948916,39.3418313722
3942518,14.0,Leesville,Ohio,39,227,47,-81.2095803946,40.4520565687
3942560,161.0,Leetonia,Ohio,39,1556,47,-80.7623562217,40.8785365124
3942602,128.0,Leipsic,Ohio,39,1381,47,-83.9675417513,41.1093418112
3942938,27.0,Lewisburg,Ohio,39,930,47,-84.5434442164,39.8507667848
3942966,2.0,Lewistown,Ohio,39,137,57,-83.8846274341,40.4237522371
3942980,24.0,Lewisville,Ohio,39,183,47,-81.218243675,39.7670778402
3942994,147.0,Lexington,Ohio,39,2209,47,-82.5793909495,40.679954870500005
3943414,63.0,Liberty Center,Ohio,39,587,47,-84.0077838855,41.4435799907
3943554,436.0,Lima,Ohio,39,16914,25,-84.1120799759,40.7409339724
3943596,14.0,Limaville,Ohio,39,176,47,-81.1483273254,40.9840651617
3943722,54.0,Lincoln Heights,Ohio,39,2046,47,-84.4569174654,39.2434611102
3943792,119.0,Lincoln Village,Ohio,39,3820,57,-83.13147824010001,39.9531705542
3943904,83.0,Lindsey,Ohio,39,307,47,-83.2209930741,41.421681090300005
3944030,172.0,Lisbon,Ohio,39,1720,47,-80.7627717611,40.7751339108
3944086,60.0,Lithopolis,Ohio,39,954,47,-82.8155559689,39.8111760164
3944128,46.0,Little Hocking,Ohio,39,262,57,-81.7018868583,39.2606852023
3944310,43.0,Lockbourne,Ohio,39,178,47,-82.98371167270001,39.8078536265
3944352,14.0,Lockington,Ohio,39,193,47,-84.2358602235,40.2075735168
3944366,407.0,Lockland,Ohio,39,2112,47,-84.4563533537,39.2277381472
3944604,100.0,Lodi,Ohio,39,1215,47,-82.012293019,41.034809447
3944632,730.0,Logan,Ohio,39,3671,25,-82.4062551928,39.538572664200004
3944636,27.0,Logan Elm Village,Ohio,39,389,57,-82.9471153889,39.5704128638
3944674,211.0,London,Ohio,39,4494,25,-83.437532402,39.8936231598
3944856,1322.0,Lorain,Ohio,39,31247,25,-82.1839197823,41.440960148
3944912,144.0,Lordstown,Ohio,39,2629,47,-80.8588813961,41.1684494369
3944954,117.0,Lore City,Ohio,39,363,47,-81.4600768336,39.9832030417
3945066,282.0,Loudonville,Ohio,39,1750,47,-82.23275820399999,40.6342068035
3945094,220.0,Louisville,Ohio,39,4340,25,-81.2642747542,40.837037015599996
3945108,472.0,Loveland,Ohio,39,5839,25,-84.2729457215,39.2678523642
3945122,377.0,Loveland Park,Ohio,39,2279,57,-84.2634354856,39.2943928662
3945164,422.0,Lowell,Ohio,39,546,47,-81.5068196946,39.529282462
3945178,42.0,Lowellville,Ohio,39,871,47,-80.5463120363,41.039024696599995
3945220,101.0,Lower Salem,Ohio,39,169,47,-81.3942246129,39.5633837048
3945276,73.0,Lucas,Ohio,39,400,47,-82.4222850198,40.704167128200005
3945304,173.0,Lucasville,Ohio,39,1224,57,-82.9933854648,38.878321846
3945332,2.0,Luckey,Ohio,39,794,47,-83.4838676269,41.4524495066
3945374,3.0,Ludlow Falls,Ohio,39,143,47,-84.3391967939,39.9980849234
3945542,46.0,Lynchburg,Ohio,39,965,47,-83.78821562979999,39.240151066399996
3945556,145.0,Lyndhurst,Ohio,39,6933,25,-81.49223311850001,41.5172481831
3945626,14.0,Lyons,Ohio,39,363,47,-84.07180073010001,41.7003718885
3945696,73.0,McArthur,Ohio,39,1059,47,-82.4786785306,39.246591693
3945794,25.0,McClure,Ohio,39,409,47,-83.9413692595,41.370973972399995
3945808,18.0,McComb,Ohio,39,856,47,-83.7898049509,41.106775520999996
3945822,423.0,McConnelsville,Ohio,39,1381,47,-81.84669603020001,39.6567612184
3945892,37.0,McCutchenville,Ohio,39,368,57,-83.2546690337,40.9943277566
3945906,44.0,McDermott,Ohio,39,397,57,-83.0584867123,38.8343685154
3945934,33.0,McDonald,Ohio,39,1885,47,-80.723101292,41.1633847839
3945976,210.0,Macedonia,Ohio,39,5442,25,-81.499026495,41.3146754881
3946046,126.0,McGuffey,Ohio,39,454,47,-83.7860039537,40.6925994877
3946088,192.0,Mack,Ohio,39,5198,57,-84.6791626159,39.1501455351
3946144,89.0,McKinley Heights,Ohio,39,1604,57,-80.7178393338,41.1859611354
3946158,58.0,Macksburg,Ohio,39,254,47,-81.4562158828,39.6314493356
3946312,211.0,Madeira,Ohio,39,4433,25,-84.37327637279999,39.1854999615
3946480,127.0,Madison,Ohio,39,1680,47,-81.0529827861,41.772259320399996
3946830,16.0,Magnetic Springs,Ohio,39,258,47,-83.2626516142,40.3533665402
3946844,94.0,Magnolia,Ohio,39,609,47,-81.29168177529999,40.6531922254
3946872,19.0,Maineville,Ohio,39,582,47,-84.1984614382,39.3124858631
3946942,61.0,Malinta,Ohio,39,207,47,-84.0353600605,41.3195927776
3946970,314.0,Malta,Ohio,39,607,47,-81.8641661612,39.6516099412
3946998,177.0,Malvern,Ohio,39,833,47,-81.1815437698,40.6896525654
3947012,184.0,Manchester,Ohio,39,1269,47,-83.6055698872,38.6900326539
3947138,1401.0,Mansfield,Ohio,39,25090,25,-82.5274933157,40.7656142851
3947180,69.0,Mantua,Ohio,39,699,47,-81.2222757178,41.2819290679
3947306,321.0,Maple Heights,Ohio,39,11770,25,-81.562526697,41.4093666544
3947362,56.0,Maple Ridge,Ohio,39,1015,57,-81.04681272270001,40.9142861586
3947445,18.0,Maplewood Park,Ohio,39,1457,57,-80.5796999769,41.1392170987
3947474,15.0,Marble Cliff,Ohio,39,287,47,-83.0614432621,39.985694341300004
3947502,1.0,Marblehead,Ohio,39,1890,47,-82.7263090333,41.5235358815
3947600,15.0,Mariemont,Ohio,39,1816,47,-84.3783151917,39.1428612548
3947628,5882.0,Marietta,Ohio,39,12954,25,-81.4465255566,39.4240817943
3947754,539.0,Marion,Ohio,39,14893,25,-83.1236314301,40.5933012069
3947922,6.0,Marlboro,Ohio,39,207,57,-81.21651717479999,40.9504813937
3947950,69.0,Marne,Ohio,39,351,57,-82.3090477561,40.072517790999996
3947992,27.0,Marseilles,Ohio,39,156,47,-83.3923418454,40.7009734986
3948048,7.0,Marshallville,Ohio,39,422,47,-81.7327650738,40.8998851235
3948104,1269.0,Martins Ferry,Ohio,39,4429,25,-80.72524878760001,40.1018869296
3948118,4.0,Martinsville,Ohio,39,354,47,-83.8108510617,39.3224238181
3948160,262.0,Marysville,Ohio,39,8226,25,-83.3593335008,40.227614068200005
3948188,420.0,Mason,Ohio,39,13573,25,-84.3022558671,39.3572147459
3948244,1310.0,Massillon,Ohio,39,17316,25,-81.5254922994,40.783907184099995
3948272,134.0,Masury,Ohio,39,1644,57,-80.5378514389,41.2082913029
3948286,539.0,Matamoras,Ohio,39,543,47,-81.0685194974,39.5203305994
3948342,324.0,Maumee,Ohio,39,6741,25,-83.663552635,41.5696178114
3948468,22.0,Mayfield,Ohio,39,1486,47,-81.4367900758,41.5501053782
3948482,42.0,Mayfield Heights,Ohio,39,6759,25,-81.4534104711,41.517449811300004
3948706,19.0,Mechanicsburg,Ohio,39,1007,47,-83.5564256067,40.0734661778
3948790,312.0,Medina,Ohio,39,9676,25,-81.86930959029999,41.1358470938
3948972,2.0,Melmore,Ohio,39,177,57,-83.1049776509,41.0261554463
3949000,25.0,Melrose,Ohio,39,383,47,-84.4200346421,41.0887190662
3949042,2.0,Mendon,Ohio,39,433,47,-84.5175654024,40.6733110486
3949056,810.0,Mentor,Ohio,39,22990,25,-81.3361589295,41.6894139569
3949098,40.0,Mentor-on-the-Lake,Ohio,39,3391,25,-81.36505176760001,41.7134921878
3949238,53.0,Metamora,Ohio,39,336,47,-83.9053991195,41.7112753287
3949294,15.0,Meyers Lake,Ohio,39,586,47,-81.4164615393,40.8158536648
3949420,63.0,Miami Heights,Ohio,39,2161,57,-84.7149475512,39.1688408981
3949434,1027.0,Miamisburg,Ohio,39,9469,25,-84.2724634148,39.6323150447
3949462,74.0,Miamitown,Ohio,39,421,57,-84.7095591632,39.2170582156
3949504,8.0,Miamiville,Ohio,39,220,57,-84.3000818526,39.212305641
3949644,175.0,Middleburg Heights,Ohio,39,6813,25,-81.8150856671,41.3695250639
3949700,57.0,Middlefield,Ohio,39,1413,47,-81.0734657174,41.4604435227
3949728,44.0,Middle Point,Ohio,39,377,47,-84.4462602917,40.8558628331
3949756,1991.0,Middleport,Ohio,39,2574,47,-82.0642955964,38.9948484408
3949840,1713.0,Middletown,Ohio,39,25146,25,-84.3658757296,39.5032433605
3949896,107.0,Midland,Ohio,39,216,47,-83.9104025627,39.3067608287
3949966,163.0,Midvale,Ohio,39,517,47,-81.3701090287,40.4358408386
3950036,22.0,Mifflin,Ohio,39,124,47,-82.3638581909,40.7734613813
3950134,29.0,Milan,Ohio,39,732,47,-82.59940466350001,41.2881281835
3950176,375.0,Milford,Ohio,39,3227,25,-84.2810354026,39.1700260052
3950218,34.0,Milford Center,Ohio,39,492,47,-83.43814330859999,40.1790799244
3950260,352.0,Millbury,Ohio,39,734,47,-83.4255160971,41.5647313056
3950358,32.0,Miller City,Ohio,39,208,47,-84.130902034,41.103475402
3950372,216.0,Millersburg,Ohio,39,2138,47,-81.91701235779999,40.5533819432
3950400,22.0,Millersport,Ohio,39,746,47,-82.5389708639,39.8982359031
3950456,71.0,Millfield,Ohio,39,350,57,-82.09487468489999,39.4340379083
3950540,130.0,Millville,Ohio,39,408,47,-84.6529030534,39.3923768418
3950708,5.0,Milton Center,Ohio,39,218,47,-83.8296610465,41.3007392986
3950764,95.0,Mineral City,Ohio,39,583,47,-81.3609499844,40.6017537699
3950778,39.0,Mineral Ridge,Ohio,39,1821,57,-80.7659447039,41.138773370100004
3950834,457.0,Minerva,Ohio,39,2294,47,-81.1022221659,40.730674424600004
3950862,17.0,Minerva Park,Ohio,39,701,47,-82.9421414607,40.0777304549
3950876,38.0,Minford,Ohio,39,479,57,-82.855192117,38.861874886100004
3950904,395.0,Mingo Junction,Ohio,39,2795,47,-80.6174127173,40.3245176004
3950918,43.0,Minster,Ohio,39,2040,47,-84.3787273307,40.395797252
3950974,1.0,Mitiwanga,Ohio,39,257,57,-82.4659077843,41.381238721
3951058,111.0,Mogadore,Ohio,39,2079,47,-81.3993585957,41.0519702483
3951212,207.0,Monfort Heights,Ohio,39,6308,57,-84.6074878597,39.1823013252
3951310,161.0,Monroe,Ohio,39,6121,25,-84.36658353899999,39.4460813808
3951618,64.0,Monroeville,Ohio,39,935,47,-82.7019460924,41.2440529768
3951674,69.0,Montezuma,Ohio,39,174,47,-84.5496004007,40.489116295900004
3951716,394.0,Montgomery,Ohio,39,4805,25,-84.345746089,39.2493263772
3951772,120.0,Montpelier,Ohio,39,2446,47,-84.597011535,41.5816475763
3951816,215.0,Montrose-Ghent,Ohio,39,2693,57,-81.64377421520001,41.1537992066
3952010,624.0,Moraine,Ohio,39,3865,25,-84.2458329037,39.6983029489
3952052,77.0,Moreland Hills,Ohio,39,1686,47,-81.42930663,41.442232434699996
3952178,65.0,Morgandale,Ohio,39,1857,57,-80.7957729677,41.2669817484
3952276,25.0,Morral,Ohio,39,304,47,-83.20978540729999,40.691351948299996
3952374,180.0,Morrow,Ohio,39,996,47,-84.1231275476,39.3498964473
3952416,291.0,Moscow,Ohio,39,300,47,-84.22808617449999,38.860170255300005
3952598,19.0,Mount Blanchard,Ohio,39,325,47,-83.55684468449999,40.8985202924
3952612,51.0,Mount Carmel,Ohio,39,1897,57,-84.2994822566,39.0978665486
3952668,18.0,Mount Cory,Ohio,39,165,47,-83.8234673168,40.9347983643
3952738,87.0,Mount Gilead,Ohio,39,1972,47,-82.8279144176,40.5532354246
3952752,85.0,Mount Healthy,Ohio,39,2685,25,-84.5474899213,39.2337323489
3952780,97.0,Mount Healthy Heights,Ohio,39,1627,57,-84.5691760966,39.2701403866
3952906,111.0,Mount Orab,Ohio,39,2249,47,-83.9266668479,39.0292996848
3952976,0.0,Mount Pleasant,Ohio,39,480,47,-80.7996538542,40.1758935052
3953032,53.0,Mount Repose,Ohio,39,1875,57,-84.219867556,39.190735683
3953046,44.0,Mount Sterling,Ohio,39,993,47,-83.2734575993,39.7133935329
3953102,861.0,Mount Vernon,Ohio,39,8579,25,-82.473227079,40.3853864192
3953144,32.0,Mount Victory,Ohio,39,588,47,-83.52027510159999,40.5335131538
3953186,13.0,Mowrystown,Ohio,39,332,47,-83.7518175741,39.0405598524
3953270,22.0,Mulberry,Ohio,39,1958,57,-84.2510933853,39.1975408023
3953312,132.0,Munroe Falls,Ohio,39,2209,25,-81.4343539666,41.1385352794
3953410,231.0,Murray City,Ohio,39,350,47,-82.1678064406,39.509647573
3953480,8.0,Mutual,Ohio,39,98,47,-83.6368555869,40.079431555999996
3953550,622.0,Napoleon,Ohio,39,4082,25,-84.12442108409999,41.397781848499996
3953690,58.0,Navarre,Ohio,39,1130,47,-81.5129862248,40.725945702800004
3953718,14.0,Neapolis,Ohio,39,263,57,-83.8747085145,41.4906151694
3953788,286.0,Neffs,Ohio,39,936,57,-80.8170957888,40.0320321209
3953802,61.0,Negley,Ohio,39,296,57,-80.5358799799,40.7927448191
3953816,14.0,Nellie,Ohio,39,125,47,-82.0707441218,40.338507055
3953886,1023.0,Nelsonville,Ohio,39,3288,25,-82.2218521855,39.455976478000004
3953914,127.0,Nettle Lake,Ohio,39,750,57,-84.7270449809,41.6785934985
3953942,42.0,Nevada,Ohio,39,591,47,-83.1311889079,40.8187772808
3953956,377.0,Neville,Ohio,39,402,47,-84.2115405322,38.8122631453
3953970,170.0,New Albany,Ohio,39,4424,25,-82.7897145113,40.0808767731
3954012,32.0,New Alexandria,Ohio,39,210,47,-80.6751284369,40.2915867635
3954040,1803.0,Newark,Ohio,39,20638,25,-82.42494993140001,40.070549430300005
3954068,14.0,New Athens,Ohio,39,268,47,-80.994834513,40.1845388384
3954082,26.0,New Baltimore,Ohio,39,692,57,-84.6704625398,39.2743049715
3954110,3.0,New Bavaria,Ohio,39,94,47,-84.16720647689999,41.2036453988
3954166,547.0,New Boston,Ohio,39,1305,47,-82.93511874880001,38.7517107419
3954194,127.0,New Bremen,Ohio,39,1718,47,-84.37769730069999,40.4347781894
3954250,29.0,Newburgh Heights,Ohio,39,941,47,-81.66271408840001,41.450947534
3954264,89.0,New Burlington,Ohio,39,2259,57,-84.5517876217,39.262306813
3954320,34.0,New California,Ohio,39,948,57,-83.2372563868,40.1502868814
3954334,61.0,New Carlisle,Ohio,39,2402,25,-84.02551125720001,39.9448875994
3954432,359.0,Newcomerstown,Ohio,39,2348,47,-81.5947811838,40.2761432582
3954446,14.0,New Concord,Ohio,39,830,47,-81.737918745,39.994884892600005
3954562,336.0,New Franklin,Ohio,39,7112,25,-81.583873699,40.9524902789
3954628,3.0,New Hampshire,Ohio,39,132,57,-83.9531839638,40.5539685006
3954684,29.0,New Haven,Ohio,39,275,57,-84.7445817817,39.2772519785
3954698,6.0,New Haven,Ohio,39,300,57,-82.68141089,41.0305939659
3954726,53.0,New Holland,Ohio,39,549,47,-83.2594989082,39.554456727
3954838,102.0,New Knoxville,Ohio,39,572,47,-84.31640274899999,40.4942390223
3954852,30.0,New Lebanon,Ohio,39,1814,47,-84.3942492525,39.744041102
3954866,576.0,New Lexington,Ohio,39,2829,47,-82.20799312609999,39.7160139965
3954908,330.0,New London,Ohio,39,1555,47,-82.40661941890001,41.0796240315
3954978,37.0,New Madison,Ohio,39,433,47,-84.708064543,39.9677897113
3955062,14.0,New Marshfield,Ohio,39,296,57,-82.2165255184,39.3253967025
3955104,798.0,New Miami,Ohio,39,1313,47,-84.5398974319,39.431855319499995
3955118,22.0,New Middletown,Ohio,39,794,47,-80.5597231567,40.9647502281
3955188,91.0,New Paris,Ohio,39,795,47,-84.7922039734,39.8565006587
3955216,811.0,New Philadelphia,Ohio,39,8484,25,-81.4401035594,40.4860824998
3955244,23.0,New Pittsburg,Ohio,39,205,57,-82.0989404261,40.8416077422
3955314,40.0,Newport,Ohio,39,231,57,-84.36917753600001,40.2950367612
3955342,141.0,Newport,Ohio,39,780,57,-81.2247665102,39.3965487922
3955384,1651.0,New Richmond,Ohio,39,2337,47,-84.2785104261,38.9623905649
3955398,5.0,New Riegel,Ohio,39,193,47,-83.3190083568,41.0518862586
3955650,137.0,Newton Falls,Ohio,39,3093,47,-80.9701267461,41.1886134309
3955664,11.0,Newtonsville,Ohio,39,195,47,-84.089591373,39.1810666234
3955678,656.0,Newtown,Ohio,39,1585,47,-84.35135591529999,39.1240747148
3955748,70.0,New Vienna,Ohio,39,642,47,-83.6936755471,39.3256035686
3955776,31.0,New Washington,Ohio,39,834,47,-82.8547360246,40.9605026233
3955790,99.0,New Waterford,Ohio,39,689,47,-80.6190228336,40.8480104931
3955818,4.0,New Weston,Ohio,39,102,47,-84.6436095284,40.3370241701
3955874,26.0,Ney,Ohio,39,246,47,-84.52115742,41.3806195883
3955916,176.0,Niles,Ohio,39,9122,25,-80.75313744479999,41.187693216
3956154,73.0,North Baltimore,Ohio,39,2494,47,-83.67016700090001,41.1798863642
3956182,115.0,North Bend,Ohio,39,994,47,-84.7397385044,39.1506368964
3956280,121.0,Northbrook,Ohio,39,4327,57,-84.5795094013,39.2466372317
3956294,406.0,North Canton,Ohio,39,7734,25,-81.3970844454,40.8742499351
3956322,288.0,North College Hill,Ohio,39,5319,25,-84.55177113,39.2173344849
3956420,31.0,North Fairfield,Ohio,39,323,47,-82.6137378951,41.104478491
3956448,19.0,Northfield,Ohio,39,1922,47,-81.5285473437,41.342534809600004
3956553,68.0,Northgate,Ohio,39,3084,57,-84.5942248833,39.2531334624
3956588,4.0,North Hampton,Ohio,39,280,47,-83.9442940684,39.9886126616
3956700,169.0,North Kingsville,Ohio,39,3128,47,-80.6722754376,41.9188315986
3956756,17.0,North Lawrence,Ohio,39,340,57,-81.63460224159999,40.841665986799995
3956770,64.0,North Lewisburg,Ohio,39,760,47,-83.5580570227,40.220518978099996
3956812,1082.0,North Madison,Ohio,39,5009,57,-81.0509566328,41.8298142671
3956882,339.0,North Olmsted,Ohio,39,13362,25,-81.9190305794,41.4149834693
3956910,20.0,North Perry,Ohio,39,559,47,-81.1241359721,41.8002530102
3956924,32.0,North Randall,Ohio,39,259,47,-81.5289760987,41.4326429259
3956938,42.0,Northridge,Ohio,39,3191,57,-83.7770487537,39.9971371579
3956966,741.0,North Ridgeville,Ohio,39,19246,25,-82.01944519189999,41.3851570893
3956994,0.0,North Robinson,Ohio,39,151,47,-82.8568203281,40.792448134000004
3957008,432.0,North Royalton,Ohio,39,11878,25,-81.74515590029999,41.3138260185
3957064,9.0,North Star,Ohio,39,167,47,-84.56898012090001,40.3242607104
3957190,146.0,Northwood,Ohio,39,3905,25,-83.4837614799,41.6088640013
3957218,56.0,North Zanesville,Ohio,39,1792,57,-81.998191284,39.9906136657
3957260,375.0,Norton,Ohio,39,6389,25,-81.6461022814,41.0294010388
3957302,335.0,Norwalk,Ohio,39,7958,25,-82.6088430944,41.2443491931
3957386,414.0,Norwood,Ohio,39,9153,25,-84.4534675501,39.1604878625
3957582,603.0,Oak Harbor,Ohio,39,1638,47,-83.1428570943,41.5122627478
3957596,162.0,Oak Hill,Ohio,39,1161,47,-82.5690968738,38.8961992502
3957750,67.0,Oakwood,Ohio,39,2245,47,-81.5035607791,41.366795550300004
3957764,52.0,Oakwood,Ohio,39,4690,25,-84.1733253831,39.7202163606
3957792,56.0,Oakwood,Ohio,39,581,47,-84.3762790591,41.0930933404
3957834,165.0,Oberlin,Ohio,39,3190,25,-82.2197456836,41.2857152351
3957862,115.0,Obetz,Ohio,39,2546,47,-82.9450807635,39.8670141539
3957876,30.0,Oceola,Ohio,39,211,57,-83.0947629837,40.8440869277
3957918,3.0,Octa,Ohio,39,89,47,-83.6105726327,39.6134224818
3958002,29.0,Ohio City,Ohio,39,496,47,-84.6162310583,40.770295285500005
3958149,17.0,Olde West Chester,Ohio,39,182,57,-84.4034750759,39.3352154182
3958156,3.0,Old Fort,Ohio,39,154,57,-83.1514168021,41.2418771279
3958226,14.0,Old Washington,Ohio,39,260,47,-81.4442180225,40.0376176865
3958422,198.0,Olmsted Falls,Ohio,39,4054,25,-81.9042713442,41.3656657844
3958520,206.0,Ontario,Ohio,39,3841,25,-82.6104758443,40.770983970799996
3958604,25.0,Orange,Ohio,39,1582,47,-81.4742660837,41.4414473267
3958674,7.0,Orangeville,Ohio,39,147,47,-80.52828482460001,41.3417353522
3958730,527.0,Oregon,Ohio,39,9566,25,-83.43183222319999,41.6530374264
3958828,221.0,Orrville,Ohio,39,4112,25,-81.77462582689999,40.8482445574
3958856,20.0,Orwell,Ohio,39,755,47,-80.8596090296,41.5364221289
3958912,10.0,Osgood,Ohio,39,170,47,-84.495631548,40.3393923474
3958940,29.0,Ostrander,Ohio,39,503,47,-83.20869194069999,40.268247119899996
3958982,161.0,Ottawa,Ohio,39,2880,47,-84.0350575495,41.0203652162
3959010,62.0,Ottawa Hills,Ohio,39,1665,47,-83.64331594890001,41.668311765700004
3959052,71.0,Ottoville,Ohio,39,808,47,-84.33875767800001,40.9337748402
3959066,58.0,Otway,Ohio,39,160,47,-83.1886265708,38.865020231500004
3959220,29.0,Owensville,Ohio,39,513,47,-84.1366668429,39.1241794127
3959234,149.0,Oxford,Ohio,39,4382,25,-84.743455583,39.5061957068
3959416,475.0,Painesville,Ohio,39,7306,25,-81.253618093,41.7240364107
3959598,5.0,Palestine,Ohio,39,121,47,-84.7443205006,40.0501517015
3959724,6.0,Pancoastburg,Ohio,39,118,57,-83.264220773,39.623962389
3959738,70.0,Pandora,Ohio,39,802,47,-83.95876945970001,40.9480622478
3959920,38.0,Park Layne,Ohio,39,1566,57,-84.0393870938,39.8881367332
3959934,6.0,Parkman,Ohio,39,224,57,-81.05922998850001,41.372210599
3961000,922.0,Parma,Ohio,39,32763,25,-81.728598867,41.3842411727
3961028,123.0,Parma Heights,Ohio,39,7164,25,-81.76367781729999,41.386504234499995
3961056,15.0,Parral,Ohio,39,131,47,-81.49497068390001,40.5609446002
3961112,331.0,Pataskala,Ohio,39,6953,25,-82.71548513399999,40.010949671999995
3961182,5.0,Patterson,Ohio,39,137,47,-83.5260295954,40.7822939714
3961252,81.0,Paulding,Ohio,39,1814,47,-84.58239296640001,41.1423762353
3961322,36.0,Payne,Ohio,39,241,47,-84.72724903529999,41.079817548
3961420,33.0,Peebles,Ohio,39,967,47,-83.4093782685,38.9462907769
3961504,172.0,Pemberville,Ohio,39,976,47,-83.4587615368,41.409591780599996
3961574,71.0,Peninsula,Ohio,39,551,47,-81.5520188904,41.237764653
3961686,171.0,Pepper Pike,Ohio,39,2895,25,-81.46193484,41.4800538697
3961882,50.0,Perry,Ohio,39,815,47,-81.143012836,41.763673784299996
3962134,227.0,Perry Heights,Ohio,39,3868,57,-81.4680811328,40.797767572
3962148,427.0,Perrysburg,Ohio,39,9312,25,-83.6412423556,41.5377405879
3962190,43.0,Perrysville,Ohio,39,451,47,-82.3144546262,40.6584064684
3962344,3.0,Pettisville,Ohio,39,277,57,-84.2230898927,41.5323514674
3962404,33.0,Pheasant Run,Ohio,39,967,57,-82.1480871422,41.2072095906
3962414,2.0,Phillipsburg,Ohio,39,410,47,-84.40097968090001,39.9039567341
3962442,44.0,Philo,Ohio,39,745,47,-81.909907323,39.8609255199
3962498,322.0,Pickerington,Ohio,39,8204,25,-82.7677897265,39.8889810206
3962578,16.0,Pigeon Creek,Ohio,39,364,57,-81.6722350808,41.1101226749
3962708,49.0,Piketon,Ohio,39,1429,47,-82.9984827335,39.0648592525
3962834,70.0,Pioneer,Ohio,39,1050,47,-84.5534379635,41.6775255568
3962848,1102.0,Piqua,Ohio,39,9797,25,-84.2438334416,40.1504172479
3962890,5.0,Pitsburg,Ohio,39,193,47,-84.4878295885,39.987155572
3963030,87.0,Plain City,Ohio,39,2038,47,-83.26935369569999,40.106707053
3963044,4.0,Plainfield,Ohio,39,135,47,-81.7182123444,40.2051300942
3963072,73.0,Plainville,Ohio,39,142,57,-84.3593411126,39.143918336999995
3963436,34.0,Pleasant City,Ohio,39,349,47,-81.5438076404,39.9032741881
3963478,35.0,Pleasant Grove,Ohio,39,856,57,-81.959274017,39.9512496346
3963534,5.0,Pleasant Hill,Ohio,39,652,47,-84.3459878111,40.0505424993
3963548,7.0,Pleasant Hills,Ohio,39,472,57,-84.5233131919,39.2362767944
3963576,2.0,Pleasant Plain,Ohio,39,98,47,-84.1121149175,39.2784333674
3963604,30.0,Pleasant Run,Ohio,39,2013,57,-84.5756953553,39.2927007436
3963618,15.0,Pleasant Run Farm,Ohio,39,1705,57,-84.54937513109999,39.3016540677
3963716,8.0,Pleasantville,Ohio,39,476,47,-82.5222807129,39.8097779772
3963758,1.0,Plumwood,Ohio,39,198,57,-83.4148119954,40.0087918767
3963800,48.0,Plymouth,Ohio,39,1141,47,-82.66721799220001,40.9965733502
3963954,30.0,Poland,Ohio,39,1316,47,-80.6156725219,41.0219810841
3963996,2.0,Polk,Ohio,39,249,47,-82.2146717625,40.9448878369
3964024,1925.0,Pomeroy,Ohio,39,3544,47,-82.03404991939999,39.029154625100006
3964108,8.0,Portage,Ohio,39,340,47,-83.6468001645,41.3232177536
3964136,335.0,Portage Lakes,Ohio,39,4635,57,-81.5347748621,41.0035097362
3964150,265.0,Port Clinton,Ohio,39,3263,25,-82.9381330714,41.5094847936
3964262,75.0,Port Jefferson,Ohio,39,261,47,-84.0925067184,40.3303687616
3964304,2241.0,Portsmouth,Ohio,39,13022,25,-82.944399348,38.7538831296
3964346,37.0,Port Washington,Ohio,39,403,47,-81.51911419560001,40.3267720026
3964360,15.0,Port William,Ohio,39,198,47,-83.7854592222,39.552261592600004
3964430,2.0,Potsdam,Ohio,39,190,47,-84.4148206931,39.9637123898
3964472,290.0,Pottery Addition,Ohio,39,392,57,-80.624539988,40.4027923888
3964486,167.0,Powell,Ohio,39,5039,25,-83.081738334,40.1677834585
3964542,899.0,Powhatan Point,Ohio,39,1266,47,-80.8097999383,39.8624868657
3964766,579.0,Proctorville,Ohio,39,581,47,-82.381773917,38.4376068877
3964780,312.0,Prospect,Ohio,39,661,47,-83.1848042176,40.4539173194
3964906,2.0,Pulaski,Ohio,39,101,57,-84.5078889438,41.5108318853
3965032,34.0,Put-in-Bay,Ohio,39,454,47,-82.8173060295,41.653061911
3965116,216.0,Quaker City,Ohio,39,466,47,-81.2973569823,39.969656231100004
3965200,18.0,Quincy,Ohio,39,375,47,-83.9686633871,40.295567471700004
3965256,305.0,Racine,Ohio,39,643,47,-81.9123305591,38.9688281851
3965298,4.0,Radnor,Ohio,39,130,57,-83.1458845663,40.3852380498
3965508,62.0,Rarden,Ohio,39,170,47,-83.2424135974,38.9233151182
3965592,280.0,Ravenna,Ohio,39,5479,25,-81.2420362143,41.161358075900004
3965634,15.0,Rawson,Ohio,39,296,47,-83.7849665199,40.9568851265
3965662,273.0,Rayland,Ohio,39,335,47,-80.69102177399999,40.184252223200005
3965676,7.0,Raymond,Ohio,39,195,57,-83.46347496109999,40.3350144733
3965732,738.0,Reading,Ohio,39,5063,25,-84.4332543907,39.2241017868
3966152,153.0,Reminderville,Ohio,39,2183,47,-81.4018290887,41.333836469
3966180,28.0,Remington,Ohio,39,208,57,-84.3218709932,39.2288916186
3966222,66.0,Rendville,Ohio,39,319,47,-82.0899520688,39.6199219988
3966250,407.0,Reno,Ohio,39,810,57,-81.3933052212,39.3768174675
3966320,15.0,Republic,Ohio,39,527,47,-83.01665682710001,41.1250172554
3966390,278.0,Reynoldsburg,Ohio,39,12417,25,-82.7943068781,39.958723199699996
3966530,58.0,Richfield,Ohio,39,2046,47,-81.6418216948,41.2355593428
3966824,11.0,Richmond,Ohio,39,409,47,-80.77189042270001,40.432849687
3966880,22.0,Richmond Dale,Ohio,39,248,57,-82.81214975430001,39.2041914494
3966894,41.0,Richmond Heights,Ohio,39,4143,25,-81.5028664089,41.5589259056
3966922,33.0,Richville,Ohio,39,1700,57,-81.46834425189999,40.752882680999996
3966936,84.0,Richwood,Ohio,39,1280,47,-83.2955173425,40.4276038373
3967104,39.0,Ridgeville Corners,Ohio,39,334,57,-84.25536369439999,41.4387534862
3967118,45.0,Ridgeway,Ohio,39,377,47,-83.5689478763,40.5124298111
3967258,48.0,Rio Grande,Ohio,39,384,47,-82.3790674891,38.87973371
3967272,786.0,Ripley,Ohio,39,1448,47,-83.8346156795,38.7325129992
3967314,29.0,Risingsun,Ohio,39,522,47,-83.4269111723,41.267053340100006
3967356,287.0,Rittman,Ohio,39,3307,25,-81.7846510138,40.9736665691
3967440,4.0,Riverlea,Ohio,39,265,47,-83.0250474507,40.0804074756
3967468,851.0,Riverside,Ohio,39,9570,25,-84.1219453895,39.783566078
3967600,82.0,Roaming Shores,Ohio,39,2102,47,-80.8249246108,41.636573835300005
3967664,35.0,Robertsville,Ohio,39,199,57,-81.19372512689999,40.7619807033
3967762,11.0,Rochester,Ohio,39,210,47,-82.305846333,41.1245439755
3967804,79.0,Rockbridge,Ohio,39,130,57,-82.5262293824,39.586228418699996
3967846,29.0,Rock Creek,Ohio,39,343,47,-80.8543283153,41.6604310565
3967874,19.0,Rockford,Ohio,39,825,47,-84.65022924659999,40.6915165786
3968004,14.0,Rocky Fork Point,Ohio,39,835,57,-83.4901063045,39.1878454036
3968042,1.0,Rocky Ridge,Ohio,39,323,47,-83.2126086462,41.5309152489
3968056,239.0,Rocky River,Ohio,39,9279,25,-81.8533327907,41.4731162838
3968084,32.0,Rogers,Ohio,39,230,47,-80.627462322,40.789667086
3968196,5.0,Rome,Ohio,39,88,47,-83.3793218908,38.6656729878
3968448,60.0,Rose Farm,Ohio,39,180,57,-82.0778245013,39.7358118194
3968546,397.0,Rosemount,Ohio,39,1541,57,-82.96639506689999,38.781237112199996
3968560,47.0,Roseville,Ohio,39,522,47,-82.0755667549,39.8065426079
3968602,635.0,Ross,Ohio,39,2299,57,-84.6599300708,39.3146448503
3968672,2.0,Rossburg,Ohio,39,140,47,-84.6382802513,40.2802025933
3968686,197.0,Rossford,Ohio,39,3639,25,-83.5691637493,41.5832506702
3968714,39.0,Rossmoyne,Ohio,39,1645,57,-84.38864194199999,39.214473548200004
3968742,108.0,Roswell,Ohio,39,191,47,-81.3481002725,40.475937213200005
3968938,117.0,Rudolph,Ohio,39,296,57,-83.6640007876,41.2965133236
3969176,12.0,Rushsylvania,Ohio,39,342,47,-83.6711707971,40.4613127171
3969302,38.0,Russells Point,Ohio,39,1433,47,-83.8938745816,40.4681429591
3969316,9.0,Russellville,Ohio,39,614,47,-83.78778332270001,38.8672731983
3969344,44.0,Russia,Ohio,39,386,47,-84.407733956,40.2341186704
3969358,283.0,Rutland,Ohio,39,511,47,-82.12792826350001,39.0410200708
3969400,89.0,Sabina,Ohio,39,1374,47,-83.6336628114,39.490170193000004
3969470,289.0,St. Bernard,Ohio,39,2464,47,-84.4954983029,39.171032235300004
3969526,139.0,St. Clairsville,Ohio,39,2920,25,-80.8996216367,40.0792103318
3969540,79.0,St. Henry,Ohio,39,1170,47,-84.632618875,40.4207905886
3969596,24.0,St. Johns,Ohio,39,166,57,-84.0795978468,40.5558523409
3969652,14.0,St. Louisville,Ohio,39,194,47,-82.4180524318,40.1711097439
3969666,12.0,St. Martin,Ohio,39,137,57,-83.8844053138,39.2117735118
3969680,182.0,St. Marys,Ohio,39,4156,25,-84.3930970913,40.547543857
3969708,126.0,St. Paris,Ohio,39,1219,47,-83.9643520678,40.1269436069
3969834,200.0,Salem,Ohio,39,6722,25,-80.8491350545,40.9048974909
3970050,48.0,Salem Heights,Ohio,39,1920,57,-84.3840201286,39.0657608194
3970072,36.0,Salesville,Ohio,39,143,57,-81.336567717,39.9740891894
3970100,303.0,Salineville,Ohio,39,1249,47,-80.83442497760001,40.620724170900004
3970380,794.0,Sandusky,Ohio,39,13135,25,-82.7141310864,41.456391785
3970464,7.0,Sandyville,Ohio,39,246,57,-81.36705492770001,40.6467232387
3970520,3.0,Sarahsville,Ohio,39,175,47,-81.4693540808,39.8074938461
3970534,11.0,Sardinia,Ohio,39,755,47,-83.8013907537,39.0090005701
3970548,106.0,Sardis,Ohio,39,431,57,-80.9058452483,39.6269213231
3970576,5.0,Savannah,Ohio,39,282,47,-82.3661569821,40.9667552633
3970618,53.0,Sawyerwood,Ohio,39,1193,57,-81.441257108,41.034469513299996
3970814,102.0,Scio,Ohio,39,605,47,-81.0881747442,40.3989836919
3970912,108.0,Sciotodale,Ohio,39,890,57,-82.8603629193,38.753874757
3971080,58.0,Scott,Ohio,39,127,47,-84.5836897787,40.988958542199995
3971206,18.0,Seaman,Ohio,39,576,47,-83.5753685299,38.936981255300005
3971220,166.0,Sebring,Ohio,39,2685,47,-81.0230886108,40.920668007399996
3971360,40.0,Senecaville,Ohio,39,552,47,-81.4594621461,39.934764297600005
3971416,136.0,Seven Hills,Ohio,39,5585,25,-81.6736628543,41.3804478248
3971444,28.0,Seven Mile,Ohio,39,414,47,-84.5523171426,39.4859200773
3971486,136.0,Seville,Ohio,39,1460,47,-81.8671260865,41.020905974899996
3971640,1027.0,Shadyside,Ohio,39,2203,47,-80.7511542876,39.971746000100005
3971682,219.0,Shaker Heights,Ohio,39,10671,25,-81.5495962784,41.474408761999996
3971892,393.0,Sharonville,Ohio,39,6226,25,-84.4068921183,39.2824690916
3971958,148.0,Shawnee,Ohio,39,707,57,-84.7886810699,39.1366515932
3971962,105.0,Shawnee,Ohio,39,687,47,-82.2045799512,39.6063118208
3971976,91.0,Shawnee Hills,Ohio,39,1754,47,-83.1356563862,40.1600744061
3971983,60.0,Shawnee Hills,Ohio,39,1035,57,-83.7822035933,39.6514308646
3972060,148.0,Sheffield,Ohio,39,2550,47,-82.0911701485,41.4558840775
3972088,122.0,Sheffield Lake,Ohio,39,7112,25,-82.097648385,41.4883866968
3972102,285.0,Shelby,Ohio,39,4890,25,-82.657737919,40.8846255367
3972242,154.0,Sherrodsville,Ohio,39,345,47,-81.2440974961,40.494500208000005
3972256,47.0,Sherwood,Ohio,39,690,47,-84.5530148429,41.2889542681
3972258,59.0,Sherwood,Ohio,39,1624,57,-84.360834347,39.085286824499995
3972298,12.0,Shiloh,Ohio,39,386,47,-82.6015475191,40.969470607
3972396,72.0,Shreve,Ohio,39,981,47,-82.02176123390001,40.6814331791
3972424,481.0,Sidney,Ohio,39,10527,25,-84.1667909713,40.289114427
3972494,104.0,Silver Lake,Ohio,39,1252,47,-81.4605100883,41.1593399808
3972522,123.0,Silverton,Ohio,39,2770,47,-84.4009274026,39.1882467931
3972578,36.0,Sinking Spring,Ohio,39,163,47,-83.3871354628,39.0747219239
3972620,21.0,Sixteen Mile Stand,Ohio,39,865,57,-84.3264392497,39.2748747259
3972648,17.0,Skyline Acres,Ohio,39,722,57,-84.5664939121,39.227616673600004
3972760,6.0,Smithfield,Ohio,39,887,47,-80.77726700310001,40.271557967199996
3972788,66.0,Smithville,Ohio,39,845,47,-81.8601630563,40.8623195438
3972928,350.0,Solon,Ohio,39,9955,25,-81.4401103031,41.386438320100005
3972977,8.0,Somerset,Ohio,39,807,47,-82.2995897904,39.806377975100006
3972998,80.0,Somerville,Ohio,39,240,57,-84.6389850307,39.5638596366
3973040,40.0,South Amherst,Ohio,39,967,47,-82.2393530109,41.3514549643
3973068,41.0,South Bloomfield,Ohio,39,772,47,-82.9931298062,39.7170044884
3973118,138.0,South Canal,Ohio,39,3522,57,-80.9863630266,41.1759438439
3973124,18.0,South Charleston,Ohio,39,818,47,-83.6415736561,39.8248762222
3973264,285.0,South Euclid,Ohio,39,10051,25,-81.5244905335,41.523938799
3973446,242.0,South Lebanon,Ohio,39,2249,47,-84.2191977115,39.3686003054
3973670,649.0,South Point,Ohio,39,2646,47,-82.5783591926,38.421299992
3973684,73.0,South Russell,Ohio,39,1752,47,-81.33506771340001,41.4318145695
3973698,6.0,South Salem,Ohio,39,178,47,-83.3069614425,39.3373739383
3973796,4.0,South Vienna,Ohio,39,243,47,-83.6134284916,39.9293579283
3973824,45.0,South Webster,Ohio,39,584,47,-82.7282108086,38.817016435300005
3973894,101.0,South Zanesville,Ohio,39,960,47,-82.0179407901,39.9036185634
3973950,0.0,Sparta,Ohio,39,141,47,-82.6996475088,40.3944332093
3973992,9.0,Spencer,Ohio,39,410,47,-82.1230609545,41.0991585716
3974034,235.0,Spencerville,Ohio,39,1130,47,-84.35267931140001,40.7079191538
3974076,197.0,Springboro,Ohio,39,7745,25,-84.2349114438,39.5611839698
3974104,84.0,Springdale,Ohio,39,4358,25,-84.4759418256,39.2909269292
3974118,1379.0,Springfield,Ohio,39,29267,25,-83.7961160027,39.930387852399996
3974216,91.0,Spring Valley,Ohio,39,363,47,-84.0068912073,39.6101686983
3974566,33.0,Sterling,Ohio,39,321,57,-81.8439438506,40.9662449308
3974608,1107.0,Steubenville,Ohio,39,12560,25,-80.6518571936,40.36534755
3974622,121.0,Stewart,Ohio,39,249,57,-81.8974900341,39.308028533299996
3974734,20.0,Stockdale,Ohio,39,200,57,-82.8573250113,38.9578401769
3974748,62.0,Stockport,Ohio,39,495,47,-81.7943967325,39.5488702246
3974804,107.0,Stone Creek,Ohio,39,174,47,-81.55808249,40.3997532965
3974832,60.0,Stony Prairie,Ohio,39,654,57,-83.1520104836,41.3522026927
3974846,16.0,Stony Ridge,Ohio,39,374,57,-83.5093304554,41.5075461506
3974916,29.0,Stoutsville,Ohio,39,473,47,-82.823363757,39.604975500500004
3974944,1048.0,Stow,Ohio,39,13901,25,-81.4343728978,41.1764688456
3974958,236.0,Strasburg,Ohio,39,1374,47,-81.5295591304,40.6005949889
3975000,225.0,Stratton,Ohio,39,276,47,-80.6314337657,40.5254365309
3975014,259.0,Streetsboro,Ohio,39,5802,25,-81.3455706673,41.2395959621
3975098,459.0,Strongsville,Ohio,39,18117,25,-81.83132002939999,41.3127859049
3975126,144.0,Struthers,Ohio,39,6779,25,-80.5920170084,41.0509807612
3975140,56.0,Stryker,Ohio,39,844,47,-84.41807050119999,41.5024750085
3975196,3.0,Sugar Bush Knolls,Ohio,39,142,47,-81.3470733627,41.2036469595
3975210,129.0,Sugarcreek,Ohio,39,1533,47,-81.6408982896,40.5076183879
3975252,29.0,Sugar Grove,Ohio,39,221,47,-82.5455155238,39.6279955695
3975392,17.0,Sulphur Springs,Ohio,39,163,57,-82.8764297182,40.872219831500004
3975406,10.0,Summerfield,Ohio,39,240,47,-81.3355047958,39.7969086536
3975434,22.0,Summerside,Ohio,39,1835,57,-84.28611179859999,39.1187746372
3975574,6.0,Summitville,Ohio,39,94,47,-80.8875300611,40.6758961097
3975602,108.0,Sunbury,Ohio,39,2505,47,-82.8803889387,40.2484599669
3975896,162.0,Swanton,Ohio,39,1928,47,-83.8889953579,41.584176502300004
3975980,33.0,Sycamore,Ohio,39,701,47,-83.1709697565,40.951672638299996
3976022,228.0,Sylvania,Ohio,39,6630,25,-83.7085713812,41.7100935606
3976050,349.0,Syracuse,Ohio,39,994,47,-81.9689033818,38.998773076199996
3976106,240.0,Tallmadge,Ohio,39,7936,25,-81.4215698989,41.1023362393
3976148,28.0,Tarlton,Ohio,39,218,47,-82.7781121431,39.5542515581
3976197,301.0,Taylor Creek,Ohio,39,2310,57,-84.67963983899999,39.2364095876
3976428,93.0,Terrace Park,Ohio,39,1986,47,-84.3111131295,39.158380934
3976568,97.0,The Plains,Ohio,39,1775,57,-82.134360425,39.365457161
3976582,304.0,The Village of Indian Hill,Ohio,39,4065,25,-84.3341579136,39.1916432646
3976666,110.0,Thornport,Ohio,39,1222,57,-82.4270815957,39.920927014600004
3976680,6.0,Thornville,Ohio,39,541,47,-82.414093541,39.8929083208
3976764,14.0,Thurston,Ohio,39,295,47,-82.5529987903,39.8450516401
3976778,1422.0,Tiffin,Ohio,39,9043,25,-83.18046959979999,41.1164664012
3976806,967.0,Tiltonsville,Ohio,39,1106,47,-80.6971763557,40.1721698916
3976834,15.0,Timberlake,Ohio,39,361,47,-81.442798342,41.6655222442
3976876,171.0,Tipp City,Ohio,39,4199,25,-84.1859877289,39.9643259848
3976890,17.0,Tippecanoe,Ohio,39,137,57,-81.2810657415,40.273756566399996
3976932,38.0,Tiro,Ohio,39,277,47,-82.7689726507,40.9063153107
3977000,5924.0,Toledo,Ohio,39,121037,25,-83.5822162413,41.6639150073
3977070,20.0,Tontogany,Ohio,39,338,47,-83.7409766063,41.421032720599996
3977112,1207.0,Toronto,Ohio,39,3196,25,-80.6073446971,40.4583566007
3977308,16.0,Tremont City,Ohio,39,246,47,-83.8384261791,40.0146491779
3977322,291.0,Trenton,Ohio,39,4629,25,-84.4620075119,39.4790741108
3977406,282.0,Trimble,Ohio,39,422,47,-82.0807082279,39.4862950108
3977434,18.0,Trinway,Ohio,39,241,57,-82.0118907732,40.137604162399995
3977504,419.0,Trotwood,Ohio,39,12076,25,-84.3164701658,39.7926471326
3977588,1035.0,Troy,Ohio,39,10527,25,-84.2189750551,40.0434771134
3977812,9.0,Tuppers Plains,Ohio,39,426,57,-81.84658192159999,39.17262478
3977840,133.0,Turpin Hills,Ohio,39,2054,57,-84.3702833794,39.106352277
3977924,75.0,Tuscarawas,Ohio,39,551,47,-81.4004860288,40.393366841100004
3978050,339.0,Twinsburg,Ohio,39,7721,25,-81.4451592206,41.3220709768
3978176,319.0,Uhrichsville,Ohio,39,2954,25,-81.35143274880001,40.4004778627
3978470,91.0,Union,Ohio,39,3226,25,-84.2929899243,39.9105409764
3978624,11.0,Union City,Ohio,39,776,47,-84.79419755880001,40.199615853000005
3978736,120.0,Uniontown,Ohio,39,1610,57,-81.404422287,40.9735878972
3978834,4.0,Unionville Center,Ohio,39,138,47,-83.3415901335,40.1366614558
3978848,13.0,Uniopolis,Ohio,39,190,57,-84.0856923615,40.6023221175
3978932,174.0,University Heights,Ohio,39,4570,25,-81.5348210289,41.4948047668
3979002,256.0,Upper Arlington,Ohio,39,13912,25,-83.0703871467,40.0271720626
3979044,247.0,Upper Sandusky,Ohio,39,3816,25,-83.2719721371,40.8297404175
3979072,895.0,Urbana,Ohio,39,6139,25,-83.7540465031,40.1088619163
3979100,43.0,Urbancrest,Ohio,39,961,47,-83.0860001531,39.9015676869
3979114,124.0,Utica,Ohio,39,1096,47,-82.4410410283,40.2334963095
3979184,49.0,Valley City,Ohio,39,398,57,-81.93571980760001,41.235370239699996
3979226,54.0,Valley Hi,Ohio,39,323,47,-83.6758902063,40.3162280393
3979268,487.0,Valley View,Ohio,39,1395,47,-81.6067213007,41.3831338815
3979282,22.0,Valleyview,Ohio,39,295,47,-83.0730815589,39.9643562098
3979394,8.0,Van Buren,Ohio,39,216,47,-83.64925844390001,41.1389463591
3979492,198.0,Vandalia,Ohio,39,6600,25,-84.19292591840001,39.8790199791
3979534,23.0,Vanlue,Ohio,39,278,47,-83.4824029767,40.9751059495
3979562,561.0,Van Wert,Ohio,39,5405,25,-84.5873351072,40.865325796
3979590,13.0,Vaughnsville,Ohio,39,217,57,-84.1460123354,40.88140336
3979716,674.0,Vermilion,Ohio,39,7399,25,-82.3214204875,41.4103201928
3979898,2.0,Verona,Ohio,39,251,47,-84.4959244053,39.9018561155
3979912,56.0,Versailles,Ohio,39,1280,47,-84.483228826,40.2223190485
3979982,8.0,Vickery,Ohio,39,72,57,-82.9415098604,41.3769293326
3980066,11.0,Vienna Center,Ohio,39,521,57,-80.654071522,41.2344570551
3980150,19.0,Vincent,Ohio,39,290,57,-81.67099513699999,39.3748514136
3980178,127.0,Vinton,Ohio,39,337,47,-82.3374086604,38.9775700561
3980304,254.0,Wadsworth,Ohio,39,9567,25,-81.7323478738,41.0279234032
3980402,38.0,Waite Hill,Ohio,39,360,47,-81.3858645618,41.6124620774
3980458,36.0,Wakeman,Ohio,39,684,47,-82.4027912908,41.2530002674
3980486,546.0,Walbridge,Ohio,39,1428,47,-83.4929803583,41.5864189006
3980500,67.0,Waldo,Ohio,39,282,47,-83.0848362575,40.4597544571
3980612,13.0,Walnut Creek,Ohio,39,535,57,-81.721264444,40.5427574959
3980738,70.0,Walton Hills,Ohio,39,1296,47,-81.55540198930001,41.3661821762
3980766,437.0,Wapakoneta,Ohio,39,4599,25,-84.1917567688,40.5675986398
3980892,1148.0,Warren,Ohio,39,23068,25,-80.8177218134,41.2389191824
3980990,205.0,Warrensville Heights,Ohio,39,4927,25,-81.52219420770001,41.4362730024
3981032,96.0,Warsaw,Ohio,39,439,47,-82.0015313954,40.3354756767
3981718,419.0,Washington Court House,Ohio,39,6694,25,-83.4276710047,39.538347517199995
3981732,33.0,Washingtonville,Ohio,39,553,47,-80.7677282914,40.8990253402
3981760,79.0,Waterford,Ohio,39,407,57,-81.64237353189999,39.5406644618
3981858,326.0,Waterville,Ohio,39,2303,25,-83.736646068,41.5014200611
3981928,89.0,Wauseon,Ohio,39,2897,25,-84.1406699586,41.5533444867
3981935,325.0,Waverly,Ohio,39,2651,47,-82.9836003284,39.1256026648
3982334,4.0,Wayne,Ohio,39,605,47,-83.4717265016,41.3009609925
3982348,63.0,Wayne Lakes,Ohio,39,643,47,-84.6624783982,40.0216263166
3982376,141.0,Waynesburg,Ohio,39,659,47,-81.25980990149999,40.6682631309
3982390,20.0,Waynesfield,Ohio,39,561,47,-83.9733577323,40.6024246312
3982418,48.0,Waynesville,Ohio,39,1227,47,-84.0903269466,39.532893388299996
3982642,148.0,Wellington,Ohio,39,2460,47,-82.2267266674,41.1610247391
3982712,237.0,Wellston,Ohio,39,4529,25,-82.5375032549,39.1172072501
3982740,1329.0,Wellsville,Ohio,39,2595,47,-80.65494917550001,40.6042764946
3982880,38.0,West Alexandria,Ohio,39,667,47,-84.53616195149999,39.745081948
3983090,740.0,West Carrollton,Ohio,39,5473,25,-84.2540393397,39.669982413
3983216,7.0,West Elkton,Ohio,39,151,47,-84.5597805557,39.5881384741
3983342,478.0,Westerville,Ohio,39,14627,25,-82.9209507886,40.1241097145
3983384,17.0,West Farmington,Ohio,39,274,47,-80.9729663192,41.3908514543
3983468,25.0,Westfield Center,Ohio,39,705,47,-81.9314505195,41.0282621549
3983541,47.0,West Hill,Ohio,39,2176,57,-80.52742795340001,41.2297558454
3983580,119.0,West Jefferson,Ohio,39,2099,47,-83.29925332170001,39.9487357979
3983608,82.0,West Lafayette,Ohio,39,1302,47,-81.7517079609,40.2760700484
3983622,457.0,Westlake,Ohio,39,13553,25,-81.9294762205,41.4524262676
3983706,7.0,West Leipsic,Ohio,39,206,47,-84.0010124178,41.1052374765
3983734,122.0,West Liberty,Ohio,39,839,47,-83.7585814896,40.2562591325
3983804,9.0,West Manchester,Ohio,39,257,47,-84.6263256028,39.9033203204
3983818,32.0,West Mansfield,Ohio,39,481,47,-83.5444153644,40.4006539679
3983888,5.0,West Millgrove,Ohio,39,188,47,-83.4914072026,41.2427453354
3983902,87.0,West Milton,Ohio,39,2032,47,-84.32612477880001,39.9584169292
3983930,21.0,Westminster,Ohio,39,230,57,-83.9794622935,40.6990203256
3983972,35.0,Weston,Ohio,39,951,47,-83.794730645,41.3463923078
3984140,273.0,West Portsmouth,Ohio,39,2238,57,-83.0416586842,38.7621703716
3984182,3.0,West Rushville,Ohio,39,109,47,-82.4484299238,39.7638812091
3984196,36.0,West Salem,Ohio,39,1047,47,-82.1077602638,40.969663041
3984294,38.0,West Union,Ohio,39,1592,47,-83.5440913448,38.791684339
3984308,57.0,West Unity,Ohio,39,931,47,-84.43063924,41.588535716100004
3984528,23.0,Wetherington,Ohio,39,853,57,-84.3766925098,39.3633446779
3984574,4.0,Wharton,Ohio,39,326,47,-83.46481035779999,40.8613057209
3984588,552.0,Wheelersburg,Ohio,39,3747,57,-82.84211525090001,38.738297547600006
3984742,121.0,Whitehall,Ohio,39,5935,25,-82.8833434246,39.9682354183
3984770,109.0,Whitehouse,Ohio,39,2054,47,-83.7958471473,41.5214788018
3984812,506.0,White Oak,Ohio,39,8701,57,-84.6058911663,39.210415030300005
3984882,87.0,Whites Landing,Ohio,39,330,57,-82.8958341311,41.4308775812
3985036,167.0,Wickliffe,Ohio,39,6471,25,-81.4690218663,41.6072373204
3985085,14.0,Wightmans Grove,Ohio,39,98,57,-83.04658479529999,41.4240609052
3985092,35.0,Wilberforce,Ohio,39,410,57,-83.8846980408,39.7150891458
3985190,10.0,Wilkesville,Ohio,39,186,47,-82.3271751928,39.0764501541
3985232,151.0,Willard,Ohio,39,3287,25,-82.7232272921,41.05177151
3985288,109.0,Williamsburg,Ohio,39,1856,47,-84.0475403732,39.055440976599996
3985344,20.0,Williamsdale,Ohio,39,439,57,-84.5298311037,39.4420744939
3985414,19.0,Williamsport,Ohio,39,697,47,-83.1205551083,39.582387890599996
3985442,36.0,Williston,Ohio,39,237,57,-83.3419089971,41.6026136545
3985484,523.0,Willoughby,Ohio,39,10231,25,-81.4083543929,41.646155121
3985512,371.0,Willoughby Hills,Ohio,39,3305,25,-81.4332627071,41.5872813401
3985638,127.0,Willowick,Ohio,39,6348,25,-81.467906701,41.6342988966
3985736,31.0,Willshire,Ohio,39,304,47,-84.7925060546,40.7465796165
3985792,378.0,Wilmington,Ohio,39,5963,25,-83.81836160600001,39.4386447692
3985806,18.0,Wilmot,Ohio,39,219,47,-81.6343918059,40.6559060653
3985834,5.0,Wilson,Ohio,39,218,47,-81.0689126947,39.8597734041
3985876,31.0,Winchester,Ohio,39,594,47,-83.6539934858,38.9436202584
3985946,28.0,Windham,Ohio,39,899,47,-81.0373458062,41.2374745821
3986072,3.0,Winesburg,Ohio,39,261,57,-81.69473730520001,40.617485610799996
3986184,104.0,Wintersville,Ohio,39,2505,47,-80.7095115074,40.3790466742
3986254,91.0,Withamsville,Ohio,39,2373,57,-84.280769624,39.0627895801
3986282,370.0,Wolfhurst,Ohio,39,718,57,-80.78104172,40.0689895359
3986366,155.0,Woodlawn,Ohio,39,1823,47,-84.4709372125,39.2555405051
3986394,18.0,Woodmere,Ohio,39,407,47,-81.4798563988,41.4599707031
3986436,56.0,Woodsfield,Ohio,39,1899,47,-81.1167749176,39.7630466548
3986478,11.0,Woodstock,Ohio,39,253,47,-83.5280654433,40.1736102882
3986492,58.0,Woodville,Ohio,39,1121,47,-83.3639879937,41.4510284742
3986548,463.0,Wooster,Ohio,39,11537,25,-81.93376592979999,40.816634491500004
3986604,196.0,Worthington,Ohio,39,6305,25,-83.0208049735,40.0949597535
3986632,26.0,Wren,Ohio,39,166,47,-84.7746020821,40.8005523738
3986730,279.0,Wyoming,Ohio,39,4099,25,-84.4813728404,39.2295306013
3986772,599.0,Xenia,Ohio,39,12259,25,-83.94138592510001,39.6828651822
3986940,40.0,Yellow Springs,Ohio,39,2354,47,-83.890472676,39.7985983883
3987164,2.0,Yorkshire,Ohio,39,65,47,-84.4950258362,40.325308961
3987178,675.0,Yorkville,Ohio,39,769,47,-80.7078689822,40.1528160058
3988000,1670.0,Youngstown,Ohio,39,60656,25,-80.64633706800001,41.0993366176
3988028,33.0,Zaleski,Ohio,39,494,47,-82.3950000993,39.281067254899995
3988070,25.0,Zanesfield,Ohio,39,132,47,-83.67788957399999,40.3386209019
3988084,2934.0,Zanesville,Ohio,39,14866,25,-82.0133385204,39.9567749936
3988168,30.0,Zoar,Ohio,39,296,47,-81.4232292958,40.613421163000005
3902204,,Antwerp,Ohio,39,12,47,-84.73775805689999,41.1797807412
3904402,,Bay View,Ohio,39,817,47,-82.8249695105,41.468416947399994
3941986,,Latty,Ohio,39,236,47,-84.5831742176,41.087873535599996
3978078,,Twinsburg Heights,Ohio,39,529,57,-81.45791070979999,41.3063742121
