fsid,name,state_name,state_fsid,properties,lsad,longitude,latitude
3900142,Aberdeen,Ohio,39,1085,47,-83.7702682621,38.6711312365
3900198,Ada,Ohio,39,2151,47,-83.8252418871,40.7679843588
3900436,Addyston,Ohio,39,947,47,-84.7102945417,39.1369956149
3900450,Adelphi,Ohio,39,256,47,-82.7456326248,39.4646265816
3900464,Adena,Ohio,39,719,47,-80.8762096976,40.2166633701
3900142,Aberdeen,Ohio,39,1085,47,-83.7702682621,38.6711312365
3900198,Ada,Ohio,39,2151,47,-83.8252418871,40.7679843588
3900436,Addyston,Ohio,39,947,47,-84.7102945417,39.1369956149
3900450,Adelphi,Ohio,39,256,47,-82.7456326248,39.4646265816
3900464,Adena,Ohio,39,719,47,-80.8762096976,40.2166633701
3901000,Akron,Ohio,39,95247,25,-81.5219194246,41.0801445446
3901042,Albany,Ohio,39,788,47,-82.1976928023,39.2244301874
3901154,Alexandria,Ohio,39,250,47,-82.6119636124,40.090025893
3901210,Alger,Ohio,39,617,47,-83.8440305586,40.7094391637
3901420,Alliance,Ohio,39,11417,25,-81.1189162342,40.9107159371
3901588,Alvordton,Ohio,39,273,57,-84.4346788027,41.6646674893
3901630,Amanda,Ohio,39,429,47,-82.742152907,39.6501626997
3901672,Amberley,Ohio,39,1990,47,-84.4283228206,39.203321885
3901742,Amelia,Ohio,39,2173,47,-84.2183219245,39.0228892704
3901784,Amesville,Ohio,39,232,47,-81.9549569159,39.4014869595
3901798,Amherst,Ohio,39,6520,25,-82.2303462581,41.4022451607
3901938,Amsterdam,Ohio,39,419,47,-80.9216882336,40.471733497
3902022,Andersonville,Ohio,39,381,57,-83.0189612592,39.4338979638
3902050,Andover,Ohio,39,684,47,-80.5686863544,41.6065505523
3902092,Anna,Ohio,39,876,47,-84.1759014136,40.3957944122
3902120,Ansonia,Ohio,39,544,47,-84.6343978644,40.2141145299
3902204,Antwerp,Ohio,39,12,47,-84.7377580569,41.1797807412
3902232,Apple Creek,Ohio,39,641,47,-81.8334454941,40.7487078721
3902266,Apple Valley,Ohio,39,6820,57,-82.3481179362,40.4388743548
3902274,Aquilla,Ohio,39,969,47,-81.1730641453,41.5465227109
3902316,Arcadia,Ohio,39,429,47,-83.5146172275,41.1079094505
3902330,Arcanum,Ohio,39,1142,47,-84.5543227112,39.9923083935
3902344,Archbold,Ohio,39,2154,47,-84.3034818889,41.5160696329
3902400,Arlington,Ohio,39,735,47,-83.6529536281,40.8938837297
3902428,Arlington Heights,Ohio,39,585,47,-84.4555027109,39.2151835294
3902568,Ashland,Ohio,39,9859,25,-82.3156548389,40.8668689662
3902582,Ashley,Ohio,39,545,47,-82.9516526941,40.4098054311
3902638,Ashtabula,Ohio,39,10983,25,-80.798365308,41.880479403
3902680,Ashville,Ohio,39,1689,47,-82.957497418,39.7238891383
3902722,Athalia,Ohio,39,349,47,-82.3095555096,38.5127012216
3902736,Athens,Ohio,39,7461,25,-82.0988999333,39.3268157121
3902820,Attica,Ohio,39,591,47,-82.8871418678,41.0634765633
3902848,Atwater,Ohio,39,518,57,-81.1622023456,41.0265630417
3903086,Aurora,Ohio,39,6509,25,-81.3450138915,41.3118500761
3903142,Austinburg,Ohio,39,254,57,-80.8556041131,41.7691687802
3903184,Austintown,Ohio,39,13506,57,-80.7404759013,41.0932129473
3903352,Avon,Ohio,39,10783,25,-82.0187395206,41.4485234653
3903464,Avon Lake,Ohio,39,13585,25,-82.0160749025,41.4945027443
3903562,Bailey Lakes,Ohio,39,295,47,-82.3569662522,40.9489956843
3903585,Bainbridge,Ohio,39,1789,57,-81.3365506496,41.3944474728
3903604,Bainbridge,Ohio,39,665,47,-83.2695616882,39.2264638135
3903646,Bairdstown,Ohio,39,225,47,-83.6072888088,41.171184289
3903716,Ballville,Ohio,39,1610,57,-83.1367187178,41.326948726
3903744,Baltic,Ohio,39,460,47,-81.701556581,40.4436883928
3903758,Baltimore,Ohio,39,1494,47,-82.6046898464,39.8459100959
3903786,Bannock,Ohio,39,152,57,-80.9755591506,40.1042590648
3903828,Barberton,Ohio,39,13808,25,-81.603658608,41.0095736444
3903926,Barnesville,Ohio,39,3062,47,-81.172752085,39.9887839016
3903940,Barnhill,Ohio,39,239,47,-81.3679074946,40.4496626073
3904094,Bascom,Ohio,39,265,57,-83.2869252124,41.1290420874
3904150,Batavia,Ohio,39,1287,47,-84.1718587063,39.0814979615
3904192,Batesville,Ohio,39,144,47,-81.2823633454,39.9156093505
3904402,Bay View,Ohio,39,817,47,-82.8249695105,41.4684169474
3904416,Bay Village,Ohio,39,6883,25,-81.9285327653,41.4885572432
3904458,Beach City,Ohio,39,616,47,-81.5797316511,40.6531315795
3904500,Beachwood,Ohio,39,4167,25,-81.5029659129,41.4758603992
3904542,Beallsville,Ohio,39,384,47,-81.0353906845,39.8488690676
3904696,Beaver,Ohio,39,308,47,-82.8252540591,39.0319220919
3904720,Beavercreek,Ohio,39,19105,25,-84.0623817661,39.730969564
3904752,Beaverdam,Ohio,39,228,47,-83.9737883073,40.8327996697
3904840,Beckett Ridge,Ohio,39,3772,57,-84.43803976,39.3448042329
3904878,Bedford,Ohio,39,5985,25,-81.5358975781,41.3918571862
3904920,Bedford Heights,Ohio,39,4053,25,-81.5053181951,41.4041354796
3905013,Beechwood Trails,Ohio,39,1281,57,-82.6462965214,40.0251280421
3905074,Bellaire,Ohio,39,3642,47,-80.7470520944,40.0169284217
3905102,Bellbrook,Ohio,39,3087,25,-84.0862880067,39.6383509773
3905116,Belle Center,Ohio,39,503,47,-83.7453396443,40.5088860073
3905130,Bellefontaine,Ohio,39,6363,25,-83.7629962474,40.3627130189
3905158,Belle Valley,Ohio,39,445,47,-81.5565315516,39.7888190005
3905228,Bellevue,Ohio,39,4186,25,-82.8393425629,41.2742774215
3905284,Bellville,Ohio,39,1204,47,-82.5237060146,40.6291579619
3905312,Belmont,Ohio,39,492,47,-81.0409328685,40.0279794124
3905410,Beloit,Ohio,39,507,47,-80.9963383219,40.9195384534
3905424,Belpre,Ohio,39,4522,25,-81.5970473761,39.2814278522
3905550,Bentleyville,Ohio,39,393,47,-81.4120840855,41.4121763376
3905662,Benton Ridge,Ohio,39,182,47,-83.7926643922,41.0042358385
3905676,Bentonville,Ohio,39,225,57,-83.6102669085,38.7455185184
3905690,Berea,Ohio,39,7741,25,-81.8642827927,41.3696702676
3905718,Bergholz,Ohio,39,579,47,-80.8850568945,40.5207960433
3905732,Berkey,Ohio,39,232,47,-83.8383917873,41.7083466428
3905816,Berlin,Ohio,39,663,57,-81.8011413747,40.5627328538
3905900,Berlin Heights,Ohio,39,414,47,-82.4904199062,41.320431462
3906068,Bethel,Ohio,39,1714,47,-84.0846564103,38.9627131384
3906138,Bethesda,Ohio,39,992,47,-81.0727623761,40.016408874
3906194,Bettsville,Ohio,39,480,47,-83.233872476,41.2440549765
3906222,Beverly,Ohio,39,1237,47,-81.6362013453,39.5499846519
3906278,Bexley,Ohio,39,4701,25,-82.9342440799,39.9650233379
3906670,Blacklick Estates,Ohio,39,3177,57,-82.8654862725,39.9049020017
3906740,Bladensburg,Ohio,39,145,57,-82.2836551762,40.2852094256
3906810,Blakeslee,Ohio,39,137,47,-84.7310869211,41.5242258812
3906908,Blanchester,Ohio,39,2369,47,-83.9798310655,39.2933363876
3907062,Bloomdale,Ohio,39,537,47,-83.55343654,41.1715710529
3907202,Bloomingdale,Ohio,39,146,47,-80.8178503104,40.3422279491
3907286,Bloomville,Ohio,39,652,47,-83.0136683859,41.0513732386
3907300,Blue Ash,Ohio,39,8016,25,-84.3824781976,39.2478321912
3907377,Blue Jay,Ohio,39,858,57,-84.7441324765,39.2308242545
3907426,Bluffton,Ohio,39,1735,47,-83.8886176433,40.8912384665
3907454,Boardman,Ohio,39,16030,57,-80.6670774235,41.0333537741
3907583,Bolindale,Ohio,39,1695,57,-80.7781137389,41.2088349888
3907594,Bolivar,Ohio,39,652,47,-81.4555144458,40.6505802706
3907790,Boston Heights,Ohio,39,901,47,-81.5087464782,41.2536209434
3907832,Botkins,Ohio,39,828,47,-84.178147439,40.4585390299
3907888,Bourneville,Ohio,39,174,57,-83.1596105879,39.2828557543
3907916,Bowerston,Ohio,39,327,47,-81.187386891,40.427261941
3907930,Bowersville,Ohio,39,248,47,-83.7233256855,39.580786785
3907972,Bowling Green,Ohio,39,9633,25,-83.6500141324,41.3772858626
3908084,Bradford,Ohio,39,1139,47,-84.4292735149,40.1318197797
3908112,Bradner,Ohio,39,823,47,-83.4363158438,41.3236722271
3908168,Brady Lake,Ohio,39,624,47,-81.3141935546,41.1623163405
3908336,Bratenahl,Ohio,39,951,47,-81.6056550896,41.5559981956
3908364,Brecksville,Ohio,39,6273,25,-81.6193276653,41.3079359844
3908378,Brecon,Ohio,39,252,57,-84.3524357135,39.2797589859
3908392,Bremen,Ohio,39,777,47,-82.4295519791,39.7060807576
3908504,Brewster,Ohio,39,1477,47,-81.5989006892,40.7134785211
3908532,Brice,Ohio,39,89,47,-82.8318209036,39.9173598574
3908560,Bridgeport,Ohio,39,1780,47,-80.7476156992,40.0670790103
3908602,Bridgetown,Ohio,39,7017,57,-84.6359068137,39.1551249407
3908812,Brilliant,Ohio,39,1101,57,-80.6319312623,40.2701616963
3908826,Brimfield,Ohio,39,1494,57,-81.3482402392,41.0941375664
3909064,Broadview Heights,Ohio,39,8767,25,-81.6781771113,41.3195265547
3909200,Brookfield Center,Ohio,39,769,57,-80.5557698636,41.2386157673
3909246,Brooklyn,Ohio,39,4251,25,-81.7497939674,41.4348660347
3909274,Brooklyn Heights,Ohio,39,890,47,-81.6679900991,41.4178095206
3909288,Brook Park,Ohio,39,8543,25,-81.821746528,41.4036695356
3909316,Brookside,Ohio,39,403,47,-80.7606116319,40.0708294175
3909358,Brookville,Ohio,39,2969,25,-84.4175584888,39.8392768165
3909596,Brownsville,Ohio,39,168,57,-82.2516558967,39.9437155341
3909680,Brunswick,Ohio,39,13728,25,-81.8197471537,41.2465018218
3909792,Bryan,Ohio,39,4388,25,-84.54887719,41.4710988262
3909834,Buchtel,Ohio,39,716,47,-82.1810563186,39.4633750742
3909890,Buckeye Lake,Ohio,39,1514,47,-82.4825893179,39.9354823816
3909974,Buckland,Ohio,39,148,47,-84.2603929153,40.6240159122
3910030,Bucyrus,Ohio,39,7598,25,-82.9719163972,40.8053404006
3910128,Buffalo,Ohio,39,553,57,-81.5204181461,39.9168615135
3910156,Buford,Ohio,39,233,57,-83.8392662938,39.0719880661
3910254,Burbank,Ohio,39,223,47,-81.9946901592,40.9863665245
3910282,Burgoon,Ohio,39,188,47,-83.2507433371,41.267413627
3910296,Burkettsville,Ohio,39,182,47,-84.6425149074,40.3530590572
3910352,Burlington,Ohio,39,1995,57,-82.5283883576,38.410002064
3910436,Burton,Ohio,39,605,47,-81.1455881465,41.4707638478
3910632,Butler,Ohio,39,742,47,-82.4211523977,40.589590292
3910674,Butlerville,Ohio,39,125,47,-84.0903744171,39.3016180922
3910716,Byesville,Ohio,39,1719,47,-81.5458132497,39.9733236404
3910800,Cadiz,Ohio,39,2362,47,-80.9980311696,40.2643798659
3910884,Cairo,Ohio,39,303,47,-84.0846914972,40.8305050787
3910926,Calcutta,Ohio,39,2356,57,-80.562391579,40.6847090908
3910940,Caldwell,Ohio,39,1171,47,-81.5127872391,39.7468317648
3910954,Caledonia,Ohio,39,347,47,-82.9693914281,40.6363109067
3910996,Cambridge,Ohio,39,8051,25,-81.5867492943,40.0221790578
3911024,Camden,Ohio,39,976,47,-84.6446065554,39.6373102244
3911066,Campbell,Ohio,39,6449,25,-80.5903226861,41.0777097945
3911150,Camp Dennison,Ohio,39,411,57,-84.2893753722,39.1964055953
3911304,Canal Fulton,Ohio,39,2419,25,-81.5886990496,40.8896452794
3911318,Canal Lewisville,Ohio,39,281,57,-81.840231966,40.2989474666
3911332,Canal Winchester,Ohio,39,3783,25,-82.8121441621,39.8431997375
3911334,Candlewood Lake,Ohio,39,2908,57,-82.776383646,40.6214260571
3911360,Canfield,Ohio,39,3517,25,-80.7671315219,41.0314325275
3912000,Canton,Ohio,39,39838,25,-81.3677597454,40.8075732142
3912056,Carbon Hill,Ohio,39,217,57,-82.2425616268,39.5020610403
3912084,Cardington,Ohio,39,1239,47,-82.8936498086,40.4979839945
3912112,Carey,Ohio,39,2186,47,-83.3826896487,40.9498841505
3912168,Carlisle,Ohio,39,2756,47,-84.3200644198,39.5807292999
3912252,Carroll,Ohio,39,304,47,-82.703853486,39.7990697198
3912280,Carrollton,Ohio,39,2080,47,-81.0900490614,40.5803622136
3912462,Casstown,Ohio,39,139,47,-84.1285132591,40.0527673999
3912476,Castalia,Ohio,39,528,47,-82.8080589896,41.4009877726
3912504,Castine,Ohio,39,71,47,-84.6247177425,39.9310425502
3912700,Cecil,Ohio,39,20,47,-84.6017399387,41.2190785203
3912784,Cedarville,Ohio,39,899,47,-83.8108141005,39.7469640517
3912868,Celina,Ohio,39,4866,25,-84.5628012294,40.5551306341
3913036,Centerburg,Ohio,39,854,47,-82.6975040257,40.3034983613
3913169,Centerville,Ohio,39,101,47,-82.4457749916,38.897874028
3913190,Centerville,Ohio,39,10892,25,-84.1449250402,39.6338920226
3913358,Chagrin Falls,Ohio,39,2135,47,-81.3886838966,41.4319927445
3913484,Champion Heights,Ohio,39,3311,57,-80.8513800694,41.3031090335
3913554,Chardon,Ohio,39,2585,25,-81.2081257747,41.5802530221
3913694,Chatfield,Ohio,39,216,47,-82.9413682318,40.9518256888
3913778,Chauncey,Ohio,39,778,47,-82.1260521474,39.4005231383
3913834,Cherry Fork,Ohio,39,122,57,-83.612551065,38.88715422
3913848,Cherry Grove,Ohio,39,1718,57,-84.3219679283,39.0802280904
3913904,Chesapeake,Ohio,39,978,47,-82.4487142601,38.4298164424
3913932,Cheshire,Ohio,39,311,47,-82.1130102443,38.9504091951
3914086,Chesterhill,Ohio,39,371,47,-81.8667140554,39.4907194153
3914100,Chesterland,Ohio,39,1271,57,-81.3362913265,41.5212589462
3914114,Chesterville,Ohio,39,199,47,-82.6817601689,40.4776949995
3914128,Cheviot,Ohio,39,4037,25,-84.6138219519,39.1577420035
3914156,Chickasaw,Ohio,39,312,47,-84.4936375102,40.4365898756
3914184,Chillicothe,Ohio,39,12174,25,-82.9936874178,39.3393216798
3914226,Chilo,Ohio,39,240,47,-84.1373188585,38.7933981083
3914254,Chippewa Lake,Ohio,39,685,47,-81.9046829116,41.0737045869
3914280,Chippewa Park,Ohio,39,2305,57,-83.8875252811,40.5160366442
3914288,Choctaw Lake,Ohio,39,844,57,-83.4877438731,39.9607818564
3914296,Christiansburg,Ohio,39,373,47,-84.0255355105,40.0567472735
3914324,Churchill,Ohio,39,2122,57,-80.66597612,41.1691831771
3915000,Cincinnati,Ohio,39,163759,25,-84.5059743104,39.1411633528
3915008,Cinnamon Lake,Ohio,39,1789,57,-82.191344984,40.9835087642
3915070,Circleville,Ohio,39,5770,25,-82.9334493745,39.6061399376
3915210,Clarington,Ohio,39,459,47,-80.8647753653,39.7763214514
3915336,Clarksburg,Ohio,39,296,47,-83.1540809,39.5058983201
3915406,Clarksville,Ohio,39,360,47,-83.9828279717,39.4016463055
3915434,Clarktown,Ohio,39,753,57,-82.9085362091,38.8497961616
3915588,Clay Center,Ohio,39,204,47,-83.3642872305,41.5732267797
3915644,Clayton,Ohio,39,6314,25,-84.3291704181,39.8689148555
3916000,Cleveland,Ohio,39,170702,25,-81.6802294933,41.4792632806
3916014,Cleveland Heights,Ohio,39,16849,25,-81.5635743025,41.5112376315
3916028,Cleves,Ohio,39,1856,47,-84.746363851,39.1632565409
3916056,Clifton,Ohio,39,162,47,-83.8257486416,39.7971288361
3916182,Clinton,Ohio,39,918,47,-81.6305540028,40.9283849557
3916266,Cloverdale,Ohio,39,196,47,-84.3036729406,41.0192470695
3916308,Clyde,Ohio,39,2976,25,-82.9781462902,41.304490523
3916378,Coal Grove,Ohio,39,1882,47,-82.6423191916,38.4976200624
3916434,Coalton,Ohio,39,572,47,-82.6108110676,39.1117567245
3916521,Coldstream,Ohio,39,840,57,-84.347350064,39.0479871156
3916532,Coldwater,Ohio,39,2180,47,-84.631669611,40.4833004382
3916700,College Corner,Ohio,39,243,47,-84.8108708098,39.5682633491
3916784,Collins,Ohio,39,502,57,-82.4914793667,41.2508315335
3917036,Columbiana,Ohio,39,4271,25,-80.6749037167,40.8870979594
3918000,Columbus,Ohio,39,275876,25,-82.9851257753,39.9860265796
3918014,Columbus Grove,Ohio,39,1425,47,-84.0594601463,40.9190327041
3918070,Commercial Point,Ohio,39,946,47,-83.0621292774,39.7723675198
3918244,Concorde Hills,Ohio,39,281,57,-84.3570830248,39.2106242546
3918266,Conesville,Ohio,39,251,47,-81.8917884839,40.1849973326
3918308,Congress,Ohio,39,146,47,-82.0558579832,40.9251808325
3918350,Conneaut,Ohio,39,8432,25,-80.5685300732,41.9277873847
3918420,Connorville,Ohio,39,133,57,-80.7176064385,40.1937018702
3918504,Continental,Ohio,39,914,47,-84.2692261559,41.0997068853
3918546,Convoy,Ohio,39,599,47,-84.7052877637,40.9179050984
3918588,Coolville,Ohio,39,493,47,-81.7978087556,39.2201372459
3918770,Corning,Ohio,39,795,47,-82.0875665737,39.6016714787
3918812,Cortland,Ohio,39,2895,25,-80.7191880547,41.331794758
3918840,Corwin,Ohio,39,293,47,-84.0677369622,39.5248493507
3918868,Coshocton,Ohio,39,6814,25,-81.8479214462,40.2618438969
3919008,Covedale,Ohio,39,3206,57,-84.6361423039,39.1266478263
3919050,Covington,Ohio,39,1445,47,-84.3508666882,40.1173843469
3919106,Craig Beach,Ohio,39,1774,47,-80.9827196286,41.115989837
3919330,Crestline,Ohio,39,3042,47,-82.7455556549,40.7835608565
3919344,Creston,Ohio,39,1114,47,-81.9000175703,40.9763374903
3919400,Cridersville,Ohio,39,748,47,-84.145998532,40.6512390197
3919456,Crooksville,Ohio,39,1365,47,-82.0955425959,39.7691630356
3919554,Crown City,Ohio,39,351,47,-82.2911233354,38.5899646737
3919596,Crystal Lakes,Ohio,39,1194,57,-84.0242796883,39.886238413
3919694,Cumberland,Ohio,39,326,47,-81.6587225732,39.8532806701
3919736,Curtice,Ohio,39,870,57,-83.3742702107,41.6159110883
3919750,Custar,Ohio,39,252,47,-83.8438097037,41.2845958994
3919778,Cuyahoga Falls,Ohio,39,22375,25,-81.5206013451,41.1640865978
3919806,Cuyahoga Heights,Ohio,39,541,47,-81.6562143789,41.4350141507
3919820,Cygnet,Ohio,39,638,47,-83.6437437169,41.2406824982
3919974,Dalton,Ohio,39,1082,47,-81.7037798436,40.799210332
3920030,Damascus,Ohio,39,331,57,-80.9523461387,40.9042323659
3920114,Danville,Ohio,39,707,47,-82.2607176893,40.4470976319
3920198,Darbydale,Ohio,39,477,57,-83.1794731051,39.854470733
3920212,Darbyville,Ohio,39,150,47,-83.1138383016,39.6957230628
3920268,Darrtown,Ohio,39,348,57,-84.6690342832,39.4974747359
3920366,Day Heights,Ohio,39,1267,57,-84.2274644081,39.1754985059
3921000,Dayton,Ohio,39,88577,25,-84.199787041,39.7797632887
3921266,Deer Park,Ohio,39,3358,25,-84.3975008936,39.203704165
3921308,Defiance,Ohio,39,9571,25,-84.3659739587,41.2809567075
3921378,De Graff,Ohio,39,736,47,-83.9166533417,40.3126948591
3921434,Delaware,Ohio,39,14314,25,-83.0747246583,40.2866421965
3921518,Delhi Hills,Ohio,39,2234,57,-84.6176268708,39.0870896948
3921560,Dellroy,Ohio,39,302,47,-81.1992189539,40.5550330089
3921602,Delphos,Ohio,39,3267,25,-84.3368336633,40.8479948326
3921610,Delshire,Ohio,39,1133,57,-84.5949619348,39.0884946491
3921616,Delta,Ohio,39,1462,47,-84.0050279529,41.5752923824
3921714,Dennison,Ohio,39,1596,47,-81.3273716933,40.3972080729
3921742,Dent,Ohio,39,5635,57,-84.6593006449,39.1921920398
3921784,Derby,Ohio,39,255,57,-83.206807728,39.7640188906
3921812,Deshler,Ohio,39,984,47,-83.9055477978,41.2074491117
3921868,Devola,Ohio,39,2215,57,-81.4679857513,39.4739129842
3921910,Dexter City,Ohio,39,157,47,-81.4738808705,39.6592656168
3922008,Dillonvale,Ohio,39,1675,57,-84.4030374331,39.2172304317
3922022,Dillonvale,Ohio,39,631,47,-80.7756594607,40.198532072
3922260,Dola,Ohio,39,203,57,-83.6989324665,40.7847696937
3922288,Donnelsville,Ohio,39,167,47,-83.9431989242,39.9159345558
3922456,Dover,Ohio,39,6207,25,-81.4805579181,40.5303165403
3922568,Doylestown,Ohio,39,1590,47,-81.695719585,40.9698526582
3922610,Dresden,Ohio,39,972,47,-82.0130444839,40.121985866
3922624,Drexel,Ohio,39,2272,57,-84.2930337086,39.738161537
3922660,Dry Ridge,Ohio,39,1746,57,-84.6338695283,39.2587263091
3922674,Dry Run,Ohio,39,3028,57,-84.3307584901,39.1047358126
3922694,Dublin,Ohio,39,17664,25,-83.1452237442,40.111165801
3922820,Duncan Falls,Ohio,39,779,57,-81.911200285,39.8777249051
3922848,Dundee,Ohio,39,191,57,-81.6069405985,40.5868149447
3922946,Dunkirk,Ohio,39,786,47,-83.6429787144,40.7879716829
3922960,Dunlap,Ohio,39,1102,57,-84.6302462577,39.2908113275
3922974,Dupont,Ohio,39,315,47,-84.3010037716,41.0546674803
3923324,East Canton,Ohio,39,926,47,-81.2836629295,40.7889831103
3923380,East Cleveland,Ohio,39,7247,25,-81.5795004324,41.5317801343
3923534,East Fultonham,Ohio,39,375,57,-82.1220889377,39.8471827793
3923618,Eastlake,Ohio,39,8968,25,-81.4322439303,41.6582518635
3923702,East Liberty,Ohio,39,264,57,-83.585018623,40.3339377613
3923730,East Liverpool,Ohio,39,9814,25,-80.5677701026,40.6332462288
3923940,East Palestine,Ohio,39,3045,47,-80.5466076962,40.839067191
3924024,East Rochester,Ohio,39,169,57,-81.0399374278,40.7494853865
3924052,East Sparta,Ohio,39,550,47,-81.362704894,40.6637061429
3924066,East Springfield,Ohio,39,241,57,-80.8599239718,40.4473881147
3924234,Eaton,Ohio,39,4128,25,-84.6342166845,39.7506168769
3924262,Eaton Estates,Ohio,39,495,57,-82.0114318772,41.3060784856
3924486,Edgerton,Ohio,39,1052,47,-84.7496590936,41.4497260131
3924542,Edgewood,Ohio,39,2590,57,-80.7460454091,41.8783951985
3924598,Edison,Ohio,39,381,47,-82.8631909766,40.5582543612
3924640,Edon,Ohio,39,576,47,-84.7695521257,41.5561454962
3924766,Eldorado,Ohio,39,389,47,-84.675330829,39.9042563693
3924794,Elgin,Ohio,39,68,47,-84.4760018286,40.7425642651
3924808,Elida,Ohio,39,927,47,-84.1996567642,40.7867705801
3924850,Elizabethtown,Ohio,39,258,57,-84.803876422,39.1620070228
3925144,Elmore,Ohio,39,850,47,-83.2911852623,41.4705661981
3925186,Elmwood Place,Ohio,39,1328,47,-84.4888763903,39.1854493544
3925256,Elyria,Ohio,39,24193,25,-82.1062845694,41.3761175897
3925368,Empire,Ohio,39,330,47,-80.626117742,40.5116853177
3925396,Englewood,Ohio,39,5978,25,-84.3070461041,39.8643491156
3925452,Enon,Ohio,39,1067,47,-83.9329853455,39.8653505186
3925676,Etna,Ohio,39,492,57,-82.6878157129,39.954218154
3925704,Euclid,Ohio,39,19564,25,-81.5190161111,41.5923513731
3925802,Evendale,Ohio,39,1826,47,-84.4264634144,39.2507571451
3925914,Fairborn,Ohio,39,14038,25,-84.0092829689,39.8010803881
3925942,Fairfax,Ohio,39,1412,47,-84.397109638,39.1432003236
3925970,Fairfield,Ohio,39,15770,25,-84.5404668303,39.3300907365
3926110,Fairfield Beach,Ohio,39,1662,57,-82.4791167633,39.9182632136
3926166,Fairlawn,Ohio,39,3310,25,-81.621270035,41.1269548696
3926306,Fairport Harbor,Ohio,39,1655,47,-81.273103366,41.7476033418
3926348,Fairview,Ohio,39,170,47,-81.2349390692,40.0573487751
3926446,Fairview Park,Ohio,39,7023,25,-81.8529703502,41.4419756634
3926656,Farmersville,Ohio,39,545,47,-84.4274311365,39.6787029743
3926768,Fayette,Ohio,39,668,47,-84.3283319716,41.6728518414
3926796,Fayetteville,Ohio,39,425,47,-83.93174909,39.1848357288
3927048,Findlay,Ohio,39,16380,25,-83.6379243643,41.0467132297
3927104,Finneytown,Ohio,39,6461,57,-84.5145493888,39.2159501946
3927303,Five Points,Ohio,39,909,57,-84.1867815495,39.5594861222
3927356,Flat Rock,Ohio,39,149,57,-82.8591567535,41.2354900925
3927412,Fletcher,Ohio,39,422,47,-84.1118739063,40.1417880617
3927538,Florida,Ohio,39,188,47,-84.2002094208,41.3237872492
3927552,Flushing,Ohio,39,716,47,-81.0643736694,40.1481621364
3927636,Forest,Ohio,39,1229,47,-83.5115449303,40.8051955476
3927706,Forest Park,Ohio,39,6336,25,-84.5256949743,39.2860197053
3927776,Forestville,Ohio,39,4691,57,-84.3388789068,39.0711315992
3927818,Fort Jennings,Ohio,39,427,47,-84.2996232857,40.9064495767
3927832,Fort Loramie,Ohio,39,962,47,-84.3695144414,40.3442451876
3927902,Fort Recovery,Ohio,39,949,47,-84.7759052299,40.4110850442
3927930,Fort Seneca,Ohio,39,145,57,-83.167968099,41.204327903
3927944,Fort Shawnee,Ohio,39,2898,57,-84.1486979905,40.6814347335
3928014,Fostoria,Ohio,39,7300,25,-83.4119325021,41.1601619717
3928058,Four Bridges,Ohio,39,1083,57,-84.3542371366,39.3828071857
3928182,Frankfort,Ohio,39,714,47,-83.1841816689,39.4068544025
3928476,Franklin,Ohio,39,4885,25,-84.2950081007,39.5538293391
3928532,Franklin Furnace,Ohio,39,1343,57,-82.8440794991,38.6117034973
3928574,Frazeysburg,Ohio,39,614,47,-82.1171396098,40.1182338236
3928616,Fredericksburg,Ohio,39,348,47,-81.8692668431,40.6771283883
3928658,Fredericktown,Ohio,39,1471,47,-82.5486976765,40.4784825634
3928798,Freeport,Ohio,39,370,47,-81.268724893,40.2109829946
3928826,Fremont,Ohio,39,7068,25,-83.1146300107,41.3532743086
3928882,Fresno,Ohio,39,104,57,-81.7386274004,40.330801861
3928896,Friendship,Ohio,39,318,57,-83.1004658621,38.6979758503
3928966,Fruit Hill,Ohio,39,1685,57,-84.3670119772,39.0698154868
3929050,Fulton,Ohio,39,248,47,-82.8284615391,40.4630609217
3929106,Gahanna,Ohio,39,13056,25,-82.8637569165,40.0251711769
3929148,Galena,Ohio,39,403,47,-82.8802867309,40.2219416529
3929162,Galion,Ohio,39,6733,25,-82.778645206,40.7382727959
3929204,Gallipolis,Ohio,39,2978,47,-82.1932114895,38.818620675
3929246,Gambier,Ohio,39,363,47,-82.3948287585,40.3763634261
3929288,Gann,Ohio,39,142,47,-82.1913382814,40.469194497
3929428,Garfield Heights,Ohio,39,12920,25,-81.6037564323,41.4199373682
3929442,Garrettsville,Ohio,39,1271,47,-81.0932421568,41.2843093547
3929498,Gates Mills,Ohio,39,1327,47,-81.4099552107,41.5315281982
3929610,Geneva,Ohio,39,2840,25,-80.9461522149,41.8006645148
3929652,Geneva-on-the-Lake,Ohio,39,2225,47,-80.9492287039,41.8562135244
3929722,Genoa,Ohio,39,1354,47,-83.3615795474,41.520008614
3929778,Georgetown,Ohio,39,2633,47,-83.8992515691,38.8683397388
3929932,Germantown,Ohio,39,2994,25,-84.364508345,39.6324574295
3929974,Gettysburg,Ohio,39,262,47,-84.4963806129,40.1155750641
3930072,Gibsonburg,Ohio,39,1259,47,-83.3216762519,41.3875289244
3930114,Gilboa,Ohio,39,190,47,-83.9217017842,41.0187723205
3930198,Girard,Ohio,39,6517,25,-80.6961514603,41.1673602853
3930282,Glandorf,Ohio,39,718,47,-84.079005016,41.0278387152
3930352,Glencoe,Ohio,39,320,57,-80.8814184773,40.0105257337
3930380,Glendale,Ohio,39,1606,47,-84.457955338,39.2704622805
3930436,Glenford,Ohio,39,107,47,-82.3195966241,39.8865553536
3930506,Glenmont,Ohio,39,250,47,-82.0924601043,40.5190754618
3930520,Glenmoor,Ohio,39,1783,57,-80.6132973453,40.6639237697
3930632,Glenwillow,Ohio,39,473,47,-81.4728000828,41.360623313
3930660,Gloria Glens Park,Ohio,39,466,47,-81.9010325019,41.0578038038
3930674,Glouster,Ohio,39,1790,47,-82.0842303032,39.5022958714
3930702,Gnadenhutten,Ohio,39,747,47,-81.4292937209,40.3594708168
3930786,Golf Manor,Ohio,39,1945,47,-84.4467818579,39.1873565446
3930828,Good Hope,Ohio,39,149,57,-83.359405338,39.4467203581
3930996,Goshen,Ohio,39,503,57,-84.1532832343,39.2325263996
3931150,Grafton,Ohio,39,1517,47,-82.0368074186,41.2807590117
3931206,Grand Rapids,Ohio,39,760,47,-83.8679400536,41.4077581701
3931234,Grand River,Ohio,39,421,47,-81.2846326734,41.741806017
3931262,Grandview,Ohio,39,836,57,-84.7246187928,39.1921268051
3931304,Grandview Heights,Ohio,39,3075,25,-83.0409153286,39.9793646272
3931402,Granville,Ohio,39,1916,47,-82.5024008894,40.0646554562
3931434,Granville South,Ohio,39,611,57,-82.5415335706,40.0520860701
3931458,Gratiot,Ohio,39,151,47,-82.2167797972,39.9514954265
3931472,Gratis,Ohio,39,513,47,-84.5286112742,39.6484146257
3931860,Green,Ohio,39,11811,25,-81.4756543378,40.9483531317
3931948,Green Camp,Ohio,39,272,47,-83.20761298,40.5320163958
3932088,Greenfield,Ohio,39,2705,47,-83.388408407,39.3535516816
3932158,Greenhills,Ohio,39,1684,47,-84.5191805763,39.2668951458
3932207,Green Meadows,Ohio,39,947,57,-83.9452980148,39.8672203658
3932256,Green Springs,Ohio,39,712,47,-83.0529734404,41.2568958291
3932298,Greentown,Ohio,39,1667,57,-81.4020458909,40.9273810202
3932340,Greenville,Ohio,39,5820,25,-84.6208853883,40.1042086218
3932368,Greenwich,Ohio,39,1058,47,-82.5198505799,41.0317684303
3932536,Groesbeck,Ohio,39,3294,57,-84.5969793871,39.2292248872
3932592,Grove City,Ohio,39,15460,25,-83.0693799077,39.8660432622
3932606,Groveport,Ohio,39,2641,25,-82.8978097781,39.8585847541
3932956,Hamden,Ohio,39,890,47,-82.5242993016,39.1591164682
3932984,Hamersville,Ohio,39,413,47,-83.9854477176,38.9190595352
3933012,Hamilton,Ohio,39,31611,25,-84.5652498256,39.3938367703
3933096,Hamler,Ohio,39,375,47,-84.0355099536,41.2280832465
3933194,Hanging Rock,Ohio,39,502,47,-82.7275078624,38.5599674942
3933222,Hannibal,Ohio,39,414,57,-80.8741055345,39.6717693883
3933292,Hanover,Ohio,39,593,47,-82.2759677701,40.0824736713
3933306,Hanoverton,Ohio,39,395,47,-80.9354875818,40.7546944872
3933362,Harbor Hills,Ohio,39,2005,57,-82.434312581,39.9366017431
3933656,Harpster,Ohio,39,204,47,-83.2501783273,40.7384298572
3933740,Harrisburg,Ohio,39,197,47,-83.1684098849,39.8107067847
3933838,Harrison,Ohio,39,5292,25,-84.7883107506,39.2571059148
3934118,Harrod,Ohio,39,267,47,-83.9213448442,40.7074926836
3934202,Hartford,Ohio,39,226,47,-82.6883820343,40.2395446674
3934328,Hartville,Ohio,39,1629,47,-81.3348360134,40.9617519052
3934384,Harveysburg,Ohio,39,431,47,-83.9984878232,39.5021829441
3934412,Haskins,Ohio,39,640,47,-83.7043045218,41.4648051224
3934552,Haviland,Ohio,39,3,47,-84.5852939769,41.0177886551
3934594,Haydenville,Ohio,39,192,57,-82.3238050317,39.4808089097
3934636,Hayesville,Ohio,39,373,47,-82.2596175217,40.7752144277
3934748,Heath,Ohio,39,3964,25,-82.4411050757,40.0241373598
3934790,Hebron,Ohio,39,1145,47,-82.4898302866,39.9644026676
3934888,Hemlock,Ohio,39,271,47,-82.1544739257,39.5904611451
3935028,Hessville,Ohio,39,158,57,-83.2430693854,41.4030573976
3935098,Hicksville,Ohio,39,2362,47,-84.7647366078,41.294386785
3935126,Hide-A-Way Hills,Ohio,39,1734,57,-82.4659699186,39.655122261
3935168,Higginsport,Ohio,39,267,47,-83.96730276,38.7900237457
3935210,Highland,Ohio,39,167,47,-83.6000788086,39.3439457486
3935252,Highland Heights,Ohio,39,3852,25,-81.469126076,41.5517841646
3935255,Highland Hills,Ohio,39,228,47,-81.5190662892,41.4506881342
3935256,Highland Holiday,Ohio,39,498,57,-83.4703275044,39.194918235
3935322,Highpoint,Ohio,39,1593,57,-84.3471314857,39.2891761225
3935476,Hilliard,Ohio,39,11579,25,-83.157782247,40.0351938474
3935532,Hills and Dales,Ohio,39,154,47,-81.4439523018,40.8289351252
3935560,Hillsboro,Ohio,39,3845,25,-83.6111614657,39.2123197611
3935613,Hilltop,Ohio,39,1306,57,-80.7418117067,41.1643547937
3935658,Hiram,Ohio,39,306,47,-81.1428680822,41.3114535595
3935826,Hockingport,Ohio,39,256,57,-81.7491710977,39.1908375419
3935854,Holgate,Ohio,39,680,47,-84.1292457659,41.2492888383
3935864,Holiday City,Ohio,39,68,47,-84.5388843188,41.6177802981
3935866,Holiday Lakes,Ohio,39,1381,57,-82.7291101719,41.0923589618
3935868,Holiday Valley,Ohio,39,630,57,-83.9620170013,39.8535980215
3935882,Holland,Ohio,39,795,47,-83.7082276819,41.6192495411
3935896,Hollansburg,Ohio,39,146,47,-84.7930090106,39.9984929022
3935924,Holloway,Ohio,39,732,47,-81.1312766551,40.1621268137
3935994,Holmesville,Ohio,39,408,47,-81.9233262905,40.628992784
3936176,Homeworth,Ohio,39,331,57,-81.0649426672,40.8357465809
3936232,Hooven,Ohio,39,513,57,-84.7630276524,39.1864266478
3936260,Hopedale,Ohio,39,671,47,-80.8954743105,40.3264681264
3936512,Howard,Ohio,39,187,57,-82.3274146334,40.4093199238
3936557,Howland Center,Ohio,39,2834,57,-80.744329799,41.248324578
3936568,Hoytville,Ohio,39,259,47,-83.7843693944,41.1900034276
3936582,Hubbard,Ohio,39,3867,25,-80.5682289593,41.1593477199
3936610,Huber Heights,Ohio,39,18026,25,-84.1130979179,39.8594796438
3936624,Huber Ridge,Ohio,39,1615,57,-82.9172532159,40.0909716651
3936651,Hudson,Ohio,39,9546,25,-81.4407939255,41.2398421098
3936806,Hunter,Ohio,39,1002,57,-84.2902546721,39.4947331048
3936918,Hunting Valley,Ohio,39,468,47,-81.4107668611,41.4802275028
3936988,Huntsville,Ohio,39,284,47,-83.8045033524,40.4422996243
3937016,Huron,Ohio,39,4268,25,-82.5623108568,41.397207853
3937142,Iberia,Ohio,39,364,57,-82.8402289925,40.6747192527
3937240,Independence,Ohio,39,3981,25,-81.6384840564,41.3779962128
3937422,Irondale,Ohio,39,510,47,-80.7259520999,40.5728008156
3937464,Ironton,Ohio,39,7591,25,-82.6772911627,38.5317238736
3937604,Ithaca,Ohio,39,54,47,-84.5533320438,39.9377367019
3937842,Jackson,Ohio,39,4751,25,-82.6494204635,39.046000144
3938220,Jackson Center,Ohio,39,1044,47,-84.0404715279,40.4385019841
3938304,Jacksonville,Ohio,39,438,47,-82.0798300494,39.4761530391
3938374,Jamestown,Ohio,39,1276,47,-83.7421849287,39.6599004255
3938500,Jefferson,Ohio,39,1608,47,-80.768946436,41.7383599874
3938920,Jeffersonville,Ohio,39,696,47,-83.5549918841,39.652164034
3938948,Jenera,Ohio,39,153,47,-83.7270632756,40.8995000589
3939060,Jeromesville,Ohio,39,362,47,-82.1964084349,40.8037457619
3939074,Jerry City,Ohio,39,425,47,-83.6023085923,41.2536864992
3939130,Jerusalem,Ohio,39,157,47,-81.0959226673,39.8518847151
3939172,Jewett,Ohio,39,609,47,-81.0030025329,40.3680600905
3939340,Johnstown,Ohio,39,2471,47,-82.6880573844,40.1499255685
3939508,Junction City,Ohio,39,663,47,-82.2997798483,39.7216752379
3939536,Kalida,Ohio,39,930,47,-84.1951398983,40.9849842604
3939564,Kanauga,Ohio,39,252,57,-82.1494637942,38.8412093003
3939662,Kelleys Island,Ohio,39,1948,47,-82.7028418354,41.6033657775
3939872,Kent,Ohio,39,7232,25,-81.3610053108,41.1490462733
3939886,Kenton,Ohio,39,5357,25,-83.6099189559,40.6446417742
3939914,Kenwood,Ohio,39,3121,57,-84.3745035478,39.2067406846
3940040,Kettering,Ohio,39,24386,25,-84.1495796222,39.6956575258
3940054,Kettlersville,Ohio,39,155,47,-84.2597632597,40.4389450986
3940096,Kidron,Ohio,39,479,57,-81.7467261575,40.7439962732
3940124,Kilbourne,Ohio,39,120,57,-82.9592378463,40.3323043022
3940180,Killbuck,Ohio,39,560,47,-81.9824950792,40.4961235364
3940264,Kimbolton,Ohio,39,153,57,-81.5758349865,40.1508570952
3940348,Kings Mills,Ohio,39,683,57,-84.2504768479,39.3583902158
3940376,Kingston,Ohio,39,586,47,-82.9120080258,39.4722790428
3940507,Kinsman Center,Ohio,39,512,57,-80.5854300416,41.4544224596
3940544,Kipton,Ohio,39,256,47,-82.3039101172,41.2664980188
3940558,Kirby,Ohio,39,156,47,-83.4194079404,40.8134927932
3940572,Kirkersville,Ohio,39,270,47,-82.5985168253,39.9500211968
3940642,Kirtland,Ohio,39,3177,25,-81.3406237488,41.5968950659
3940670,Kirtland Hills,Ohio,39,421,47,-81.3192798956,41.6361984625
3941090,La Croft,Ohio,39,1605,57,-80.5997812259,40.6468262868
3941118,Lafayette,Ohio,39,231,47,-83.9499215388,40.7589113934
3941146,Lafayette,Ohio,39,166,57,-83.405526882,39.9407876522
3941188,Lafferty,Ohio,39,404,57,-81.0189304269,40.1142489595
3941230,LaGrange,Ohio,39,1196,47,-82.1181378564,41.2400362632
3941349,Lake Buckhorn,Ohio,39,1660,57,-81.9081613737,40.4744282768
3941363,Lake Darby,Ohio,39,1643,57,-83.2243464979,39.9605015315
3941373,Lake Lakengren,Ohio,39,1884,57,-84.6899704814,39.689373796
3941398,Lakeline,Ohio,39,122,47,-81.4545200668,41.6595042977
3941419,Lake Lorelei,Ohio,39,1830,57,-83.9715044011,39.1875341406
3941440,Lake Milton,Ohio,39,1075,57,-80.9811903896,41.0960733433
3941443,Lake Mohawk,Ohio,39,1802,57,-81.1928310344,40.6607275273
3941454,Lakemore,Ohio,39,1937,47,-81.4264002404,41.0214183167
3941500,Lake Seneca,Ohio,39,1317,57,-84.6515933787,41.6695229857
3941597,Lake Tomahawk,Ohio,39,923,57,-80.5951778703,40.7638235373
3941608,Lakeview,Ohio,39,822,47,-83.9266075769,40.4874613567
3941657,Lake Waynoka,Ohio,39,4151,57,-83.7786511098,38.9401285949
3941664,Lakewood,Ohio,39,17996,25,-81.8015701006,41.4846547469
3941720,Lancaster,Ohio,39,17632,25,-82.6048755504,39.7248655034
3941755,Landen,Ohio,39,2767,57,-84.2766840717,39.3154488039
3941860,Lansing,Ohio,39,495,57,-80.7919254865,40.0758795305
3941902,La Rue,Ohio,39,456,47,-83.3821245817,40.5781022837
3941986,Latty,Ohio,39,236,47,-84.5831742176,41.0878735356
3942028,Laura,Ohio,39,278,47,-84.408449358,39.9950855722
3942084,Laurelville,Ohio,39,253,47,-82.7373550423,39.4719608492
3942308,Leavittsburg,Ohio,39,1475,57,-80.8788325717,41.2451995693
3942364,Lebanon,Ohio,39,7584,25,-84.2135477896,39.4251078115
3942476,Leesburg,Ohio,39,733,47,-83.551948916,39.3418313722
3942518,Leesville,Ohio,39,227,47,-81.2095803946,40.4520565687
3942560,Leetonia,Ohio,39,1556,47,-80.7623562217,40.8785365124
3942602,Leipsic,Ohio,39,1381,47,-83.9675417513,41.1093418112
3942938,Lewisburg,Ohio,39,930,47,-84.5434442164,39.8507667848
3942966,Lewistown,Ohio,39,137,57,-83.8846274341,40.4237522371
3942980,Lewisville,Ohio,39,183,47,-81.218243675,39.7670778402
3942994,Lexington,Ohio,39,2209,47,-82.5793909495,40.6799548705
3943414,Liberty Center,Ohio,39,587,47,-84.0077838855,41.4435799907
3943554,Lima,Ohio,39,16914,25,-84.1120799759,40.7409339724
3943596,Limaville,Ohio,39,176,47,-81.1483273254,40.9840651617
3943722,Lincoln Heights,Ohio,39,2046,47,-84.4569174654,39.2434611102
3943792,Lincoln Village,Ohio,39,3820,57,-83.1314782401,39.9531705542
3943904,Lindsey,Ohio,39,307,47,-83.2209930741,41.4216810903
3944030,Lisbon,Ohio,39,1720,47,-80.7627717611,40.7751339108
3944086,Lithopolis,Ohio,39,954,47,-82.8155559689,39.8111760164
3944128,Little Hocking,Ohio,39,262,57,-81.7018868583,39.2606852023
3944310,Lockbourne,Ohio,39,178,47,-82.9837116727,39.8078536265
3944352,Lockington,Ohio,39,193,47,-84.2358602235,40.2075735168
3944366,Lockland,Ohio,39,2112,47,-84.4563533537,39.2277381472
3944604,Lodi,Ohio,39,1215,47,-82.012293019,41.034809447
3944632,Logan,Ohio,39,3671,25,-82.4062551928,39.5385726642
3944636,Logan Elm Village,Ohio,39,389,57,-82.9471153889,39.5704128638
3944674,London,Ohio,39,4494,25,-83.437532402,39.8936231598
3944856,Lorain,Ohio,39,31247,25,-82.1839197823,41.440960148
3944912,Lordstown,Ohio,39,2629,47,-80.8588813961,41.1684494369
3944954,Lore City,Ohio,39,363,47,-81.4600768336,39.9832030417
3945066,Loudonville,Ohio,39,1750,47,-82.232758204,40.6342068035
3945094,Louisville,Ohio,39,4340,25,-81.2642747542,40.8370370156
3945108,Loveland,Ohio,39,5839,25,-84.2729457215,39.2678523642
3945122,Loveland Park,Ohio,39,2279,57,-84.2634354856,39.2943928662
3945164,Lowell,Ohio,39,546,47,-81.5068196946,39.529282462
3945178,Lowellville,Ohio,39,871,47,-80.5463120363,41.0390246966
3945220,Lower Salem,Ohio,39,169,47,-81.3942246129,39.5633837048
3945276,Lucas,Ohio,39,400,47,-82.4222850198,40.7041671282
3945304,Lucasville,Ohio,39,1224,57,-82.9933854648,38.878321846
3945332,Luckey,Ohio,39,794,47,-83.4838676269,41.4524495066
3945374,Ludlow Falls,Ohio,39,143,47,-84.3391967939,39.9980849234
3945542,Lynchburg,Ohio,39,965,47,-83.7882156298,39.2401510664
3945556,Lyndhurst,Ohio,39,6933,25,-81.4922331185,41.5172481831
3945626,Lyons,Ohio,39,363,47,-84.0718007301,41.7003718885
3945696,McArthur,Ohio,39,1059,47,-82.4786785306,39.246591693
3945794,McClure,Ohio,39,409,47,-83.9413692595,41.3709739724
3945808,McComb,Ohio,39,856,47,-83.7898049509,41.106775521
3945822,McConnelsville,Ohio,39,1381,47,-81.8466960302,39.6567612184
3945892,McCutchenville,Ohio,39,368,57,-83.2546690337,40.9943277566
3945906,McDermott,Ohio,39,397,57,-83.0584867123,38.8343685154
3945934,McDonald,Ohio,39,1885,47,-80.723101292,41.1633847839
3945976,Macedonia,Ohio,39,5442,25,-81.499026495,41.3146754881
3946046,McGuffey,Ohio,39,454,47,-83.7860039537,40.6925994877
3946088,Mack,Ohio,39,5198,57,-84.6791626159,39.1501455351
3946144,McKinley Heights,Ohio,39,1604,57,-80.7178393338,41.1859611354
3946158,Macksburg,Ohio,39,254,47,-81.4562158828,39.6314493356
3946312,Madeira,Ohio,39,4433,25,-84.3732763728,39.1854999615
3946480,Madison,Ohio,39,1680,47,-81.0529827861,41.7722593204
3946830,Magnetic Springs,Ohio,39,258,47,-83.2626516142,40.3533665402
3946844,Magnolia,Ohio,39,609,47,-81.2916817753,40.6531922254
3946872,Maineville,Ohio,39,582,47,-84.1984614382,39.3124858631
3946942,Malinta,Ohio,39,207,47,-84.0353600605,41.3195927776
3946970,Malta,Ohio,39,607,47,-81.8641661612,39.6516099412
3946998,Malvern,Ohio,39,833,47,-81.1815437698,40.6896525654
3947012,Manchester,Ohio,39,1269,47,-83.6055698872,38.6900326539
3947138,Mansfield,Ohio,39,25090,25,-82.5274933157,40.7656142851
3947180,Mantua,Ohio,39,699,47,-81.2222757178,41.2819290679
3947306,Maple Heights,Ohio,39,11770,25,-81.562526697,41.4093666544
3947362,Maple Ridge,Ohio,39,1015,57,-81.0468127227,40.9142861586
3947445,Maplewood Park,Ohio,39,1457,57,-80.5796999769,41.1392170987
3947474,Marble Cliff,Ohio,39,287,47,-83.0614432621,39.9856943413
3947502,Marblehead,Ohio,39,1890,47,-82.7263090333,41.5235358815
3947600,Mariemont,Ohio,39,1816,47,-84.3783151917,39.1428612548
3947628,Marietta,Ohio,39,12954,25,-81.4465255566,39.4240817943
3947754,Marion,Ohio,39,14893,25,-83.1236314301,40.5933012069
3947922,Marlboro,Ohio,39,207,57,-81.2165171748,40.9504813937
3947950,Marne,Ohio,39,351,57,-82.3090477561,40.072517791
3947992,Marseilles,Ohio,39,156,47,-83.3923418454,40.7009734986
3948048,Marshallville,Ohio,39,422,47,-81.7327650738,40.8998851235
3948104,Martins Ferry,Ohio,39,4429,25,-80.7252487876,40.1018869296
3948118,Martinsville,Ohio,39,354,47,-83.8108510617,39.3224238181
3948160,Marysville,Ohio,39,8226,25,-83.3593335008,40.2276140682
3948188,Mason,Ohio,39,13573,25,-84.3022558671,39.3572147459
3948244,Massillon,Ohio,39,17316,25,-81.5254922994,40.7839071841
3948272,Masury,Ohio,39,1644,57,-80.5378514389,41.2082913029
3948286,Matamoras,Ohio,39,543,47,-81.0685194974,39.5203305994
3948342,Maumee,Ohio,39,6741,25,-83.663552635,41.5696178114
3948468,Mayfield,Ohio,39,1486,47,-81.4367900758,41.5501053782
3948482,Mayfield Heights,Ohio,39,6759,25,-81.4534104711,41.5174498113
3948706,Mechanicsburg,Ohio,39,1007,47,-83.5564256067,40.0734661778
3948790,Medina,Ohio,39,9676,25,-81.8693095903,41.1358470938
3948972,Melmore,Ohio,39,177,57,-83.1049776509,41.0261554463
3949000,Melrose,Ohio,39,383,47,-84.4200346421,41.0887190662
3949042,Mendon,Ohio,39,433,47,-84.5175654024,40.6733110486
3949056,Mentor,Ohio,39,22990,25,-81.3361589295,41.6894139569
3949098,Mentor-on-the-Lake,Ohio,39,3391,25,-81.3650517676,41.7134921878
3949238,Metamora,Ohio,39,336,47,-83.9053991195,41.7112753287
3949294,Meyers Lake,Ohio,39,586,47,-81.4164615393,40.8158536648
3949420,Miami Heights,Ohio,39,2161,57,-84.7149475512,39.1688408981
3949434,Miamisburg,Ohio,39,9469,25,-84.2724634148,39.6323150447
3949462,Miamitown,Ohio,39,421,57,-84.7095591632,39.2170582156
3949504,Miamiville,Ohio,39,220,57,-84.3000818526,39.212305641
3949644,Middleburg Heights,Ohio,39,6813,25,-81.8150856671,41.3695250639
3949700,Middlefield,Ohio,39,1413,47,-81.0734657174,41.4604435227
3949728,Middle Point,Ohio,39,377,47,-84.4462602917,40.8558628331
3949756,Middleport,Ohio,39,2574,47,-82.0642955964,38.9948484408
3949840,Middletown,Ohio,39,25146,25,-84.3658757296,39.5032433605
3949896,Midland,Ohio,39,216,47,-83.9104025627,39.3067608287
3949966,Midvale,Ohio,39,517,47,-81.3701090287,40.4358408386
3950036,Mifflin,Ohio,39,124,47,-82.3638581909,40.7734613813
3950134,Milan,Ohio,39,732,47,-82.5994046635,41.2881281835
3950176,Milford,Ohio,39,3227,25,-84.2810354026,39.1700260052
3950218,Milford Center,Ohio,39,492,47,-83.4381433086,40.1790799244
3950260,Millbury,Ohio,39,734,47,-83.4255160971,41.5647313056
3950358,Miller City,Ohio,39,208,47,-84.130902034,41.103475402
3950372,Millersburg,Ohio,39,2138,47,-81.9170123578,40.5533819432
3950400,Millersport,Ohio,39,746,47,-82.5389708639,39.8982359031
3950456,Millfield,Ohio,39,350,57,-82.0948746849,39.4340379083
3950540,Millville,Ohio,39,408,47,-84.6529030534,39.3923768418
3950708,Milton Center,Ohio,39,218,47,-83.8296610465,41.3007392986
3950764,Mineral City,Ohio,39,583,47,-81.3609499844,40.6017537699
3950778,Mineral Ridge,Ohio,39,1821,57,-80.7659447039,41.1387733701
3950834,Minerva,Ohio,39,2294,47,-81.1022221659,40.7306744246
3950862,Minerva Park,Ohio,39,701,47,-82.9421414607,40.0777304549
3950876,Minford,Ohio,39,479,57,-82.855192117,38.8618748861
3950904,Mingo Junction,Ohio,39,2795,47,-80.6174127173,40.3245176004
3950918,Minster,Ohio,39,2040,47,-84.3787273307,40.395797252
3950974,Mitiwanga,Ohio,39,257,57,-82.4659077843,41.381238721
3951058,Mogadore,Ohio,39,2079,47,-81.3993585957,41.0519702483
3951212,Monfort Heights,Ohio,39,6308,57,-84.6074878597,39.1823013252
3951310,Monroe,Ohio,39,6121,25,-84.366583539,39.4460813808
3951618,Monroeville,Ohio,39,935,47,-82.7019460924,41.2440529768
3951674,Montezuma,Ohio,39,174,47,-84.5496004007,40.4891162959
3951716,Montgomery,Ohio,39,4805,25,-84.345746089,39.2493263772
3951772,Montpelier,Ohio,39,2446,47,-84.597011535,41.5816475763
3951816,Montrose-Ghent,Ohio,39,2693,57,-81.6437742152,41.1537992066
3952010,Moraine,Ohio,39,3865,25,-84.2458329037,39.6983029489
3952052,Moreland Hills,Ohio,39,1686,47,-81.42930663,41.4422324347
3952178,Morgandale,Ohio,39,1857,57,-80.7957729677,41.2669817484
3952276,Morral,Ohio,39,304,47,-83.2097854073,40.6913519483
3952374,Morrow,Ohio,39,996,47,-84.1231275476,39.3498964473
3952416,Moscow,Ohio,39,300,47,-84.2280861745,38.8601702553
3952598,Mount Blanchard,Ohio,39,325,47,-83.5568446845,40.8985202924
3952612,Mount Carmel,Ohio,39,1897,57,-84.2994822566,39.0978665486
3952668,Mount Cory,Ohio,39,165,47,-83.8234673168,40.9347983643
3952738,Mount Gilead,Ohio,39,1972,47,-82.8279144176,40.5532354246
3952752,Mount Healthy,Ohio,39,2685,25,-84.5474899213,39.2337323489
3952780,Mount Healthy Heights,Ohio,39,1627,57,-84.5691760966,39.2701403866
3952906,Mount Orab,Ohio,39,2249,47,-83.9266668479,39.0292996848
3952976,Mount Pleasant,Ohio,39,480,47,-80.7996538542,40.1758935052
3953032,Mount Repose,Ohio,39,1875,57,-84.219867556,39.190735683
3953046,Mount Sterling,Ohio,39,993,47,-83.2734575993,39.7133935329
3953102,Mount Vernon,Ohio,39,8579,25,-82.473227079,40.3853864192
3953144,Mount Victory,Ohio,39,588,47,-83.5202751016,40.5335131538
3953186,Mowrystown,Ohio,39,332,47,-83.7518175741,39.0405598524
3953270,Mulberry,Ohio,39,1958,57,-84.2510933853,39.1975408023
3953312,Munroe Falls,Ohio,39,2209,25,-81.4343539666,41.1385352794
3953410,Murray City,Ohio,39,350,47,-82.1678064406,39.509647573
3953480,Mutual,Ohio,39,98,47,-83.6368555869,40.079431556
3953550,Napoleon,Ohio,39,4082,25,-84.1244210841,41.3977818485
3953690,Navarre,Ohio,39,1130,47,-81.5129862248,40.7259457028
3953718,Neapolis,Ohio,39,263,57,-83.8747085145,41.4906151694
3953788,Neffs,Ohio,39,936,57,-80.8170957888,40.0320321209
3953802,Negley,Ohio,39,296,57,-80.5358799799,40.7927448191
3953816,Nellie,Ohio,39,125,47,-82.0707441218,40.338507055
3953886,Nelsonville,Ohio,39,3288,25,-82.2218521855,39.455976478
3953914,Nettle Lake,Ohio,39,750,57,-84.7270449809,41.6785934985
3953942,Nevada,Ohio,39,591,47,-83.1311889079,40.8187772808
3953956,Neville,Ohio,39,402,47,-84.2115405322,38.8122631453
3953970,New Albany,Ohio,39,4424,25,-82.7897145113,40.0808767731
3954012,New Alexandria,Ohio,39,210,47,-80.6751284369,40.2915867635
3954040,Newark,Ohio,39,20638,25,-82.4249499314,40.0705494303
3954068,New Athens,Ohio,39,268,47,-80.994834513,40.1845388384
3954082,New Baltimore,Ohio,39,692,57,-84.6704625398,39.2743049715
3954110,New Bavaria,Ohio,39,94,47,-84.1672064769,41.2036453988
3954166,New Boston,Ohio,39,1305,47,-82.9351187488,38.7517107419
3954194,New Bremen,Ohio,39,1718,47,-84.3776973007,40.4347781894
3954250,Newburgh Heights,Ohio,39,941,47,-81.6627140884,41.450947534
3954264,New Burlington,Ohio,39,2259,57,-84.5517876217,39.262306813
3954320,New California,Ohio,39,948,57,-83.2372563868,40.1502868814
3954334,New Carlisle,Ohio,39,2402,25,-84.0255112572,39.9448875994
3954432,Newcomerstown,Ohio,39,2348,47,-81.5947811838,40.2761432582
3954446,New Concord,Ohio,39,830,47,-81.737918745,39.9948848926
3954562,New Franklin,Ohio,39,7112,25,-81.583873699,40.9524902789
3954628,New Hampshire,Ohio,39,132,57,-83.9531839638,40.5539685006
3954684,New Haven,Ohio,39,275,57,-84.7445817817,39.2772519785
3954698,New Haven,Ohio,39,300,57,-82.68141089,41.0305939659
3954726,New Holland,Ohio,39,549,47,-83.2594989082,39.554456727
3954838,New Knoxville,Ohio,39,572,47,-84.316402749,40.4942390223
3954852,New Lebanon,Ohio,39,1814,47,-84.3942492525,39.744041102
3954866,New Lexington,Ohio,39,2829,47,-82.2079931261,39.7160139965
3954908,New London,Ohio,39,1555,47,-82.4066194189,41.0796240315
3954978,New Madison,Ohio,39,433,47,-84.708064543,39.9677897113
3955062,New Marshfield,Ohio,39,296,57,-82.2165255184,39.3253967025
3955104,New Miami,Ohio,39,1313,47,-84.5398974319,39.4318553195
3955118,New Middletown,Ohio,39,794,47,-80.5597231567,40.9647502281
3955188,New Paris,Ohio,39,795,47,-84.7922039734,39.8565006587
3955216,New Philadelphia,Ohio,39,8484,25,-81.4401035594,40.4860824998
3955244,New Pittsburg,Ohio,39,205,57,-82.0989404261,40.8416077422
3955314,Newport,Ohio,39,231,57,-84.369177536,40.2950367612
3955342,Newport,Ohio,39,780,57,-81.2247665102,39.3965487922
3955384,New Richmond,Ohio,39,2337,47,-84.2785104261,38.9623905649
3955398,New Riegel,Ohio,39,193,47,-83.3190083568,41.0518862586
3955650,Newton Falls,Ohio,39,3093,47,-80.9701267461,41.1886134309
3955664,Newtonsville,Ohio,39,195,47,-84.089591373,39.1810666234
3955678,Newtown,Ohio,39,1585,47,-84.3513559153,39.1240747148
3955748,New Vienna,Ohio,39,642,47,-83.6936755471,39.3256035686
3955776,New Washington,Ohio,39,834,47,-82.8547360246,40.9605026233
3955790,New Waterford,Ohio,39,689,47,-80.6190228336,40.8480104931
3955818,New Weston,Ohio,39,102,47,-84.6436095284,40.3370241701
3955874,Ney,Ohio,39,246,47,-84.52115742,41.3806195883
3955916,Niles,Ohio,39,9122,25,-80.7531374448,41.187693216
3956154,North Baltimore,Ohio,39,2494,47,-83.6701670009,41.1798863642
3956182,North Bend,Ohio,39,994,47,-84.7397385044,39.1506368964
3956280,Northbrook,Ohio,39,4327,57,-84.5795094013,39.2466372317
3956294,North Canton,Ohio,39,7734,25,-81.3970844454,40.8742499351
3956322,North College Hill,Ohio,39,5319,25,-84.55177113,39.2173344849
3956420,North Fairfield,Ohio,39,323,47,-82.6137378951,41.104478491
3956448,Northfield,Ohio,39,1922,47,-81.5285473437,41.3425348096
3956553,Northgate,Ohio,39,3084,57,-84.5942248833,39.2531334624
3956588,North Hampton,Ohio,39,280,47,-83.9442940684,39.9886126616
3956700,North Kingsville,Ohio,39,3128,47,-80.6722754376,41.9188315986
3956756,North Lawrence,Ohio,39,340,57,-81.6346022416,40.8416659868
3956770,North Lewisburg,Ohio,39,760,47,-83.5580570227,40.2205189781
3956812,North Madison,Ohio,39,5009,57,-81.0509566328,41.8298142671
3956882,North Olmsted,Ohio,39,13362,25,-81.9190305794,41.4149834693
3956910,North Perry,Ohio,39,559,47,-81.1241359721,41.8002530102
3956924,North Randall,Ohio,39,259,47,-81.5289760987,41.4326429259
3956938,Northridge,Ohio,39,3191,57,-83.7770487537,39.9971371579
3956966,North Ridgeville,Ohio,39,19246,25,-82.0194451919,41.3851570893
3956994,North Robinson,Ohio,39,151,47,-82.8568203281,40.792448134
3957008,North Royalton,Ohio,39,11878,25,-81.7451559003,41.3138260185
3957064,North Star,Ohio,39,167,47,-84.5689801209,40.3242607104
3957190,Northwood,Ohio,39,3905,25,-83.4837614799,41.6088640013
3957218,North Zanesville,Ohio,39,1792,57,-81.998191284,39.9906136657
3957260,Norton,Ohio,39,6389,25,-81.6461022814,41.0294010388
3957302,Norwalk,Ohio,39,7958,25,-82.6088430944,41.2443491931
3957386,Norwood,Ohio,39,9153,25,-84.4534675501,39.1604878625
3957582,Oak Harbor,Ohio,39,1638,47,-83.1428570943,41.5122627478
3957596,Oak Hill,Ohio,39,1161,47,-82.5690968738,38.8961992502
3957750,Oakwood,Ohio,39,2245,47,-81.5035607791,41.3667955503
3957764,Oakwood,Ohio,39,4690,25,-84.1733253831,39.7202163606
3957792,Oakwood,Ohio,39,581,47,-84.3762790591,41.0930933404
3957834,Oberlin,Ohio,39,3190,25,-82.2197456836,41.2857152351
3957862,Obetz,Ohio,39,2546,47,-82.9450807635,39.8670141539
3957876,Oceola,Ohio,39,211,57,-83.0947629837,40.8440869277
3957918,Octa,Ohio,39,89,47,-83.6105726327,39.6134224818
3958002,Ohio City,Ohio,39,496,47,-84.6162310583,40.7702952855
3958149,Olde West Chester,Ohio,39,182,57,-84.4034750759,39.3352154182
3958156,Old Fort,Ohio,39,154,57,-83.1514168021,41.2418771279
3958226,Old Washington,Ohio,39,260,47,-81.4442180225,40.0376176865
3958422,Olmsted Falls,Ohio,39,4054,25,-81.9042713442,41.3656657844
3958520,Ontario,Ohio,39,3841,25,-82.6104758443,40.7709839708
3958604,Orange,Ohio,39,1582,47,-81.4742660837,41.4414473267
3958674,Orangeville,Ohio,39,147,47,-80.5282848246,41.3417353522
3958730,Oregon,Ohio,39,9566,25,-83.4318322232,41.6530374264
3958828,Orrville,Ohio,39,4112,25,-81.7746258269,40.8482445574
3958856,Orwell,Ohio,39,755,47,-80.8596090296,41.5364221289
3958912,Osgood,Ohio,39,170,47,-84.495631548,40.3393923474
3958940,Ostrander,Ohio,39,503,47,-83.2086919407,40.2682471199
3958982,Ottawa,Ohio,39,2880,47,-84.0350575495,41.0203652162
3959010,Ottawa Hills,Ohio,39,1665,47,-83.6433159489,41.6683117657
3959052,Ottoville,Ohio,39,808,47,-84.338757678,40.9337748402
3959066,Otway,Ohio,39,160,47,-83.1886265708,38.8650202315
3959220,Owensville,Ohio,39,513,47,-84.1366668429,39.1241794127
3959234,Oxford,Ohio,39,4382,25,-84.743455583,39.5061957068
3959416,Painesville,Ohio,39,7306,25,-81.253618093,41.7240364107
3959598,Palestine,Ohio,39,121,47,-84.7443205006,40.0501517015
3959724,Pancoastburg,Ohio,39,118,57,-83.264220773,39.623962389
3959738,Pandora,Ohio,39,802,47,-83.9587694597,40.9480622478
3959920,Park Layne,Ohio,39,1566,57,-84.0393870938,39.8881367332
3959934,Parkman,Ohio,39,224,57,-81.0592299885,41.372210599
3961000,Parma,Ohio,39,32763,25,-81.728598867,41.3842411727
3961028,Parma Heights,Ohio,39,7164,25,-81.7636778173,41.3865042345
3961056,Parral,Ohio,39,131,47,-81.4949706839,40.5609446002
3961112,Pataskala,Ohio,39,6953,25,-82.715485134,40.010949672
3961182,Patterson,Ohio,39,137,47,-83.5260295954,40.7822939714
3961252,Paulding,Ohio,39,1814,47,-84.5823929664,41.1423762353
3961322,Payne,Ohio,39,241,47,-84.7272490353,41.079817548
3961420,Peebles,Ohio,39,967,47,-83.4093782685,38.9462907769
3961504,Pemberville,Ohio,39,976,47,-83.4587615368,41.4095917806
3961574,Peninsula,Ohio,39,551,47,-81.5520188904,41.237764653
3961686,Pepper Pike,Ohio,39,2895,25,-81.46193484,41.4800538697
3961882,Perry,Ohio,39,815,47,-81.143012836,41.7636737843
3962134,Perry Heights,Ohio,39,3868,57,-81.4680811328,40.797767572
3962148,Perrysburg,Ohio,39,9312,25,-83.6412423556,41.5377405879
3962190,Perrysville,Ohio,39,451,47,-82.3144546262,40.6584064684
3962344,Pettisville,Ohio,39,277,57,-84.2230898927,41.5323514674
3962404,Pheasant Run,Ohio,39,967,57,-82.1480871422,41.2072095906
3962414,Phillipsburg,Ohio,39,410,47,-84.4009796809,39.9039567341
3962442,Philo,Ohio,39,745,47,-81.909907323,39.8609255199
3962498,Pickerington,Ohio,39,8204,25,-82.7677897265,39.8889810206
3962578,Pigeon Creek,Ohio,39,364,57,-81.6722350808,41.1101226749
3962708,Piketon,Ohio,39,1429,47,-82.9984827335,39.0648592525
3962834,Pioneer,Ohio,39,1050,47,-84.5534379635,41.6775255568
3962848,Piqua,Ohio,39,9797,25,-84.2438334416,40.1504172479
3962890,Pitsburg,Ohio,39,193,47,-84.4878295885,39.987155572
3963030,Plain City,Ohio,39,2038,47,-83.2693536957,40.106707053
3963044,Plainfield,Ohio,39,135,47,-81.7182123444,40.2051300942
3963072,Plainville,Ohio,39,142,57,-84.3593411126,39.143918337
3963436,Pleasant City,Ohio,39,349,47,-81.5438076404,39.9032741881
3963478,Pleasant Grove,Ohio,39,856,57,-81.959274017,39.9512496346
3963534,Pleasant Hill,Ohio,39,652,47,-84.3459878111,40.0505424993
3963548,Pleasant Hills,Ohio,39,472,57,-84.5233131919,39.2362767944
3963576,Pleasant Plain,Ohio,39,98,47,-84.1121149175,39.2784333674
3963604,Pleasant Run,Ohio,39,2013,57,-84.5756953553,39.2927007436
3963618,Pleasant Run Farm,Ohio,39,1705,57,-84.5493751311,39.3016540677
3963716,Pleasantville,Ohio,39,476,47,-82.5222807129,39.8097779772
3963758,Plumwood,Ohio,39,198,57,-83.4148119954,40.0087918767
3963800,Plymouth,Ohio,39,1141,47,-82.6672179922,40.9965733502
3963954,Poland,Ohio,39,1316,47,-80.6156725219,41.0219810841
3963996,Polk,Ohio,39,249,47,-82.2146717625,40.9448878369
3964024,Pomeroy,Ohio,39,3544,47,-82.0340499194,39.0291546251
3964108,Portage,Ohio,39,340,47,-83.6468001645,41.3232177536
3964136,Portage Lakes,Ohio,39,4635,57,-81.5347748621,41.0035097362
3964150,Port Clinton,Ohio,39,3263,25,-82.9381330714,41.5094847936
3964262,Port Jefferson,Ohio,39,261,47,-84.0925067184,40.3303687616
3964304,Portsmouth,Ohio,39,13022,25,-82.944399348,38.7538831296
3964346,Port Washington,Ohio,39,403,47,-81.5191141956,40.3267720026
3964360,Port William,Ohio,39,198,47,-83.7854592222,39.5522615926
3964430,Potsdam,Ohio,39,190,47,-84.4148206931,39.9637123898
3964472,Pottery Addition,Ohio,39,392,57,-80.624539988,40.4027923888
3964486,Powell,Ohio,39,5039,25,-83.081738334,40.1677834585
3964542,Powhatan Point,Ohio,39,1266,47,-80.8097999383,39.8624868657
3964766,Proctorville,Ohio,39,581,47,-82.381773917,38.4376068877
3964780,Prospect,Ohio,39,661,47,-83.1848042176,40.4539173194
3964906,Pulaski,Ohio,39,101,57,-84.5078889438,41.5108318853
3965032,Put-in-Bay,Ohio,39,454,47,-82.8173060295,41.653061911
3965116,Quaker City,Ohio,39,466,47,-81.2973569823,39.9696562311
3965200,Quincy,Ohio,39,375,47,-83.9686633871,40.2955674717
3965256,Racine,Ohio,39,643,47,-81.9123305591,38.9688281851
3965298,Radnor,Ohio,39,130,57,-83.1458845663,40.3852380498
3965508,Rarden,Ohio,39,170,47,-83.2424135974,38.9233151182
3965592,Ravenna,Ohio,39,5479,25,-81.2420362143,41.1613580759
3965634,Rawson,Ohio,39,296,47,-83.7849665199,40.9568851265
3965662,Rayland,Ohio,39,335,47,-80.691021774,40.1842522232
3965676,Raymond,Ohio,39,195,57,-83.4634749611,40.3350144733
3965732,Reading,Ohio,39,5063,25,-84.4332543907,39.2241017868
3966152,Reminderville,Ohio,39,2183,47,-81.4018290887,41.333836469
3966180,Remington,Ohio,39,208,57,-84.3218709932,39.2288916186
3966222,Rendville,Ohio,39,319,47,-82.0899520688,39.6199219988
3966250,Reno,Ohio,39,810,57,-81.3933052212,39.3768174675
3966320,Republic,Ohio,39,527,47,-83.0166568271,41.1250172554
3966390,Reynoldsburg,Ohio,39,12417,25,-82.7943068781,39.9587231997
3966530,Richfield,Ohio,39,2046,47,-81.6418216948,41.2355593428
3966824,Richmond,Ohio,39,409,47,-80.7718904227,40.432849687
3966880,Richmond Dale,Ohio,39,248,57,-82.8121497543,39.2041914494
3966894,Richmond Heights,Ohio,39,4143,25,-81.5028664089,41.5589259056
3966922,Richville,Ohio,39,1700,57,-81.4683442519,40.752882681
3966936,Richwood,Ohio,39,1280,47,-83.2955173425,40.4276038373
3967104,Ridgeville Corners,Ohio,39,334,57,-84.2553636944,41.4387534862
3967118,Ridgeway,Ohio,39,377,47,-83.5689478763,40.5124298111
3967258,Rio Grande,Ohio,39,384,47,-82.3790674891,38.87973371
3967272,Ripley,Ohio,39,1448,47,-83.8346156795,38.7325129992
3967314,Risingsun,Ohio,39,522,47,-83.4269111723,41.2670533401
3967356,Rittman,Ohio,39,3307,25,-81.7846510138,40.9736665691
3967440,Riverlea,Ohio,39,265,47,-83.0250474507,40.0804074756
3967468,Riverside,Ohio,39,9570,25,-84.1219453895,39.783566078
3967600,Roaming Shores,Ohio,39,2102,47,-80.8249246108,41.6365738353
3967664,Robertsville,Ohio,39,199,57,-81.1937251269,40.7619807033
3967762,Rochester,Ohio,39,210,47,-82.305846333,41.1245439755
3967804,Rockbridge,Ohio,39,130,57,-82.5262293824,39.5862284187
3967846,Rock Creek,Ohio,39,343,47,-80.8543283153,41.6604310565
3967874,Rockford,Ohio,39,825,47,-84.6502292466,40.6915165786
3968004,Rocky Fork Point,Ohio,39,835,57,-83.4901063045,39.1878454036
3968042,Rocky Ridge,Ohio,39,323,47,-83.2126086462,41.5309152489
3968056,Rocky River,Ohio,39,9279,25,-81.8533327907,41.4731162838
3968084,Rogers,Ohio,39,230,47,-80.627462322,40.789667086
3968196,Rome,Ohio,39,88,47,-83.3793218908,38.6656729878
3968448,Rose Farm,Ohio,39,180,57,-82.0778245013,39.7358118194
3968546,Rosemount,Ohio,39,1541,57,-82.9663950669,38.7812371122
3968560,Roseville,Ohio,39,522,47,-82.0755667549,39.8065426079
3968602,Ross,Ohio,39,2299,57,-84.6599300708,39.3146448503
3968672,Rossburg,Ohio,39,140,47,-84.6382802513,40.2802025933
3968686,Rossford,Ohio,39,3639,25,-83.5691637493,41.5832506702
3968714,Rossmoyne,Ohio,39,1645,57,-84.388641942,39.2144735482
3968742,Roswell,Ohio,39,191,47,-81.3481002725,40.4759372132
3968938,Rudolph,Ohio,39,296,57,-83.6640007876,41.2965133236
3969176,Rushsylvania,Ohio,39,342,47,-83.6711707971,40.4613127171
3969302,Russells Point,Ohio,39,1433,47,-83.8938745816,40.4681429591
3969316,Russellville,Ohio,39,614,47,-83.7877833227,38.8672731983
3969344,Russia,Ohio,39,386,47,-84.407733956,40.2341186704
3969358,Rutland,Ohio,39,511,47,-82.1279282635,39.0410200708
3969400,Sabina,Ohio,39,1374,47,-83.6336628114,39.490170193
3969470,St. Bernard,Ohio,39,2464,47,-84.4954983029,39.1710322353
3969526,St. Clairsville,Ohio,39,2920,25,-80.8996216367,40.0792103318
3969540,St. Henry,Ohio,39,1170,47,-84.632618875,40.4207905886
3969596,St. Johns,Ohio,39,166,57,-84.0795978468,40.5558523409
3969652,St. Louisville,Ohio,39,194,47,-82.4180524318,40.1711097439
3969666,St. Martin,Ohio,39,137,57,-83.8844053138,39.2117735118
3969680,St. Marys,Ohio,39,4156,25,-84.3930970913,40.547543857
3969708,St. Paris,Ohio,39,1219,47,-83.9643520678,40.1269436069
3969834,Salem,Ohio,39,6722,25,-80.8491350545,40.9048974909
3970050,Salem Heights,Ohio,39,1920,57,-84.3840201286,39.0657608194
3970072,Salesville,Ohio,39,143,57,-81.336567717,39.9740891894
3970100,Salineville,Ohio,39,1249,47,-80.8344249776,40.6207241709
3970380,Sandusky,Ohio,39,13135,25,-82.7141310864,41.456391785
3970464,Sandyville,Ohio,39,246,57,-81.3670549277,40.6467232387
3970520,Sarahsville,Ohio,39,175,47,-81.4693540808,39.8074938461
3970534,Sardinia,Ohio,39,755,47,-83.8013907537,39.0090005701
3970548,Sardis,Ohio,39,431,57,-80.9058452483,39.6269213231
3970576,Savannah,Ohio,39,282,47,-82.3661569821,40.9667552633
3970618,Sawyerwood,Ohio,39,1193,57,-81.441257108,41.0344695133
3970814,Scio,Ohio,39,605,47,-81.0881747442,40.3989836919
3970912,Sciotodale,Ohio,39,890,57,-82.8603629193,38.753874757
3971080,Scott,Ohio,39,127,47,-84.5836897787,40.9889585422
3971206,Seaman,Ohio,39,576,47,-83.5753685299,38.9369812553
3971220,Sebring,Ohio,39,2685,47,-81.0230886108,40.9206680074
3971360,Senecaville,Ohio,39,552,47,-81.4594621461,39.9347642976
3971416,Seven Hills,Ohio,39,5585,25,-81.6736628543,41.3804478248
3971444,Seven Mile,Ohio,39,414,47,-84.5523171426,39.4859200773
3971486,Seville,Ohio,39,1460,47,-81.8671260865,41.0209059749
3971640,Shadyside,Ohio,39,2203,47,-80.7511542876,39.9717460001
3971682,Shaker Heights,Ohio,39,10671,25,-81.5495962784,41.474408762
3971892,Sharonville,Ohio,39,6226,25,-84.4068921183,39.2824690916
3971958,Shawnee,Ohio,39,707,57,-84.7886810699,39.1366515932
3971962,Shawnee,Ohio,39,687,47,-82.2045799512,39.6063118208
3971976,Shawnee Hills,Ohio,39,1754,47,-83.1356563862,40.1600744061
3971983,Shawnee Hills,Ohio,39,1035,57,-83.7822035933,39.6514308646
3972060,Sheffield,Ohio,39,2550,47,-82.0911701485,41.4558840775
3972088,Sheffield Lake,Ohio,39,7112,25,-82.097648385,41.4883866968
3972102,Shelby,Ohio,39,4890,25,-82.657737919,40.8846255367
3972242,Sherrodsville,Ohio,39,345,47,-81.2440974961,40.494500208
3972256,Sherwood,Ohio,39,690,47,-84.5530148429,41.2889542681
3972258,Sherwood,Ohio,39,1624,57,-84.360834347,39.0852868245
3972298,Shiloh,Ohio,39,386,47,-82.6015475191,40.969470607
3972396,Shreve,Ohio,39,981,47,-82.0217612339,40.6814331791
3972424,Sidney,Ohio,39,10527,25,-84.1667909713,40.289114427
3972494,Silver Lake,Ohio,39,1252,47,-81.4605100883,41.1593399808
3972522,Silverton,Ohio,39,2770,47,-84.4009274026,39.1882467931
3972578,Sinking Spring,Ohio,39,163,47,-83.3871354628,39.0747219239
3972620,Sixteen Mile Stand,Ohio,39,865,57,-84.3264392497,39.2748747259
3972648,Skyline Acres,Ohio,39,722,57,-84.5664939121,39.2276166736
3972760,Smithfield,Ohio,39,887,47,-80.7772670031,40.2715579672
3972788,Smithville,Ohio,39,845,47,-81.8601630563,40.8623195438
3972928,Solon,Ohio,39,9955,25,-81.4401103031,41.3864383201
3972977,Somerset,Ohio,39,807,47,-82.2995897904,39.8063779751
3972998,Somerville,Ohio,39,240,57,-84.6389850307,39.5638596366
3973040,South Amherst,Ohio,39,967,47,-82.2393530109,41.3514549643
3973068,South Bloomfield,Ohio,39,772,47,-82.9931298062,39.7170044884
3973118,South Canal,Ohio,39,3522,57,-80.9863630266,41.1759438439
3973124,South Charleston,Ohio,39,818,47,-83.6415736561,39.8248762222
3973264,South Euclid,Ohio,39,10051,25,-81.5244905335,41.523938799
3973446,South Lebanon,Ohio,39,2249,47,-84.2191977115,39.3686003054
3973670,South Point,Ohio,39,2646,47,-82.5783591926,38.421299992
3973684,South Russell,Ohio,39,1752,47,-81.3350677134,41.4318145695
3973698,South Salem,Ohio,39,178,47,-83.3069614425,39.3373739383
3973796,South Vienna,Ohio,39,243,47,-83.6134284916,39.9293579283
3973824,South Webster,Ohio,39,584,47,-82.7282108086,38.8170164353
3973894,South Zanesville,Ohio,39,960,47,-82.0179407901,39.9036185634
3973950,Sparta,Ohio,39,141,47,-82.6996475088,40.3944332093
3973992,Spencer,Ohio,39,410,47,-82.1230609545,41.0991585716
3974034,Spencerville,Ohio,39,1130,47,-84.3526793114,40.7079191538
3974076,Springboro,Ohio,39,7745,25,-84.2349114438,39.5611839698
3974104,Springdale,Ohio,39,4358,25,-84.4759418256,39.2909269292
3974118,Springfield,Ohio,39,29267,25,-83.7961160027,39.9303878524
3974216,Spring Valley,Ohio,39,363,47,-84.0068912073,39.6101686983
3974566,Sterling,Ohio,39,321,57,-81.8439438506,40.9662449308
3974608,Steubenville,Ohio,39,12560,25,-80.6518571936,40.36534755
3974622,Stewart,Ohio,39,249,57,-81.8974900341,39.3080285333
3974734,Stockdale,Ohio,39,200,57,-82.8573250113,38.9578401769
3974748,Stockport,Ohio,39,495,47,-81.7943967325,39.5488702246
3974804,Stone Creek,Ohio,39,174,47,-81.55808249,40.3997532965
3974832,Stony Prairie,Ohio,39,654,57,-83.1520104836,41.3522026927
3974846,Stony Ridge,Ohio,39,374,57,-83.5093304554,41.5075461506
3974916,Stoutsville,Ohio,39,473,47,-82.823363757,39.6049755005
3974944,Stow,Ohio,39,13901,25,-81.4343728978,41.1764688456
3974958,Strasburg,Ohio,39,1374,47,-81.5295591304,40.6005949889
3975000,Stratton,Ohio,39,276,47,-80.6314337657,40.5254365309
3975014,Streetsboro,Ohio,39,5802,25,-81.3455706673,41.2395959621
3975098,Strongsville,Ohio,39,18117,25,-81.8313200294,41.3127859049
3975126,Struthers,Ohio,39,6779,25,-80.5920170084,41.0509807612
3975140,Stryker,Ohio,39,844,47,-84.4180705012,41.5024750085
3975196,Sugar Bush Knolls,Ohio,39,142,47,-81.3470733627,41.2036469595
3975210,Sugarcreek,Ohio,39,1533,47,-81.6408982896,40.5076183879
3975252,Sugar Grove,Ohio,39,221,47,-82.5455155238,39.6279955695
3975392,Sulphur Springs,Ohio,39,163,57,-82.8764297182,40.8722198315
3975406,Summerfield,Ohio,39,240,47,-81.3355047958,39.7969086536
3975434,Summerside,Ohio,39,1835,57,-84.2861117986,39.1187746372
3975574,Summitville,Ohio,39,94,47,-80.8875300611,40.6758961097
3975602,Sunbury,Ohio,39,2505,47,-82.8803889387,40.2484599669
3975896,Swanton,Ohio,39,1928,47,-83.8889953579,41.5841765023
3975980,Sycamore,Ohio,39,701,47,-83.1709697565,40.9516726383
3976022,Sylvania,Ohio,39,6630,25,-83.7085713812,41.7100935606
3976050,Syracuse,Ohio,39,994,47,-81.9689033818,38.9987730762
3976106,Tallmadge,Ohio,39,7936,25,-81.4215698989,41.1023362393
3976148,Tarlton,Ohio,39,218,47,-82.7781121431,39.5542515581
3976197,Taylor Creek,Ohio,39,2310,57,-84.679639839,39.2364095876
3976428,Terrace Park,Ohio,39,1986,47,-84.3111131295,39.158380934
3976568,The Plains,Ohio,39,1775,57,-82.134360425,39.365457161
3976582,The Village of Indian Hill,Ohio,39,4065,25,-84.3341579136,39.1916432646
3976666,Thornport,Ohio,39,1222,57,-82.4270815957,39.9209270146
3976680,Thornville,Ohio,39,541,47,-82.414093541,39.8929083208
3976764,Thurston,Ohio,39,295,47,-82.5529987903,39.8450516401
3976778,Tiffin,Ohio,39,9043,25,-83.1804695998,41.1164664012
3976806,Tiltonsville,Ohio,39,1106,47,-80.6971763557,40.1721698916
3976834,Timberlake,Ohio,39,361,47,-81.442798342,41.6655222442
3976876,Tipp City,Ohio,39,4199,25,-84.1859877289,39.9643259848
3976890,Tippecanoe,Ohio,39,137,57,-81.2810657415,40.2737565664
3976932,Tiro,Ohio,39,277,47,-82.7689726507,40.9063153107
3977000,Toledo,Ohio,39,121037,25,-83.5822162413,41.6639150073
3977070,Tontogany,Ohio,39,338,47,-83.7409766063,41.4210327206
3977112,Toronto,Ohio,39,3196,25,-80.6073446971,40.4583566007
3977308,Tremont City,Ohio,39,246,47,-83.8384261791,40.0146491779
3977322,Trenton,Ohio,39,4629,25,-84.4620075119,39.4790741108
3977406,Trimble,Ohio,39,422,47,-82.0807082279,39.4862950108
3977434,Trinway,Ohio,39,241,57,-82.0118907732,40.1376041624
3977504,Trotwood,Ohio,39,12076,25,-84.3164701658,39.7926471326
3977588,Troy,Ohio,39,10527,25,-84.2189750551,40.0434771134
3977812,Tuppers Plains,Ohio,39,426,57,-81.8465819216,39.17262478
3977840,Turpin Hills,Ohio,39,2054,57,-84.3702833794,39.106352277
3977924,Tuscarawas,Ohio,39,551,47,-81.4004860288,40.3933668411
3978050,Twinsburg,Ohio,39,7721,25,-81.4451592206,41.3220709768
3978078,Twinsburg Heights,Ohio,39,529,57,-81.4579107098,41.3063742121
3978176,Uhrichsville,Ohio,39,2954,25,-81.3514327488,40.4004778627
3978470,Union,Ohio,39,3226,25,-84.2929899243,39.9105409764
3978624,Union City,Ohio,39,776,47,-84.7941975588,40.199615853
3978736,Uniontown,Ohio,39,1610,57,-81.404422287,40.9735878972
3978834,Unionville Center,Ohio,39,138,47,-83.3415901335,40.1366614558
3978848,Uniopolis,Ohio,39,190,57,-84.0856923615,40.6023221175
3978932,University Heights,Ohio,39,4570,25,-81.5348210289,41.4948047668
3979002,Upper Arlington,Ohio,39,13912,25,-83.0703871467,40.0271720626
3979044,Upper Sandusky,Ohio,39,3816,25,-83.2719721371,40.8297404175
3979072,Urbana,Ohio,39,6139,25,-83.7540465031,40.1088619163
3979100,Urbancrest,Ohio,39,961,47,-83.0860001531,39.9015676869
3979114,Utica,Ohio,39,1096,47,-82.4410410283,40.2334963095
3979184,Valley City,Ohio,39,398,57,-81.9357198076,41.2353702397
3979226,Valley Hi,Ohio,39,323,47,-83.6758902063,40.3162280393
3979268,Valley View,Ohio,39,1395,47,-81.6067213007,41.3831338815
3979282,Valleyview,Ohio,39,295,47,-83.0730815589,39.9643562098
3979394,Van Buren,Ohio,39,216,47,-83.6492584439,41.1389463591
3979492,Vandalia,Ohio,39,6600,25,-84.1929259184,39.8790199791
3979534,Vanlue,Ohio,39,278,47,-83.4824029767,40.9751059495
3979562,Van Wert,Ohio,39,5405,25,-84.5873351072,40.865325796
3979590,Vaughnsville,Ohio,39,217,57,-84.1460123354,40.88140336
3979716,Vermilion,Ohio,39,7399,25,-82.3214204875,41.4103201928
3979898,Verona,Ohio,39,251,47,-84.4959244053,39.9018561155
3979912,Versailles,Ohio,39,1280,47,-84.483228826,40.2223190485
3979982,Vickery,Ohio,39,72,57,-82.9415098604,41.3769293326
3980066,Vienna Center,Ohio,39,521,57,-80.654071522,41.2344570551
3980150,Vincent,Ohio,39,290,57,-81.670995137,39.3748514136
3980178,Vinton,Ohio,39,337,47,-82.3374086604,38.9775700561
3980304,Wadsworth,Ohio,39,9567,25,-81.7323478738,41.0279234032
3980402,Waite Hill,Ohio,39,360,47,-81.3858645618,41.6124620774
3980458,Wakeman,Ohio,39,684,47,-82.4027912908,41.2530002674
3980486,Walbridge,Ohio,39,1428,47,-83.4929803583,41.5864189006
3980500,Waldo,Ohio,39,282,47,-83.0848362575,40.4597544571
3980612,Walnut Creek,Ohio,39,535,57,-81.721264444,40.5427574959
3980738,Walton Hills,Ohio,39,1296,47,-81.5554019893,41.3661821762
3980766,Wapakoneta,Ohio,39,4599,25,-84.1917567688,40.5675986398
3980892,Warren,Ohio,39,23068,25,-80.8177218134,41.2389191824
3980990,Warrensville Heights,Ohio,39,4927,25,-81.5221942077,41.4362730024
3981032,Warsaw,Ohio,39,439,47,-82.0015313954,40.3354756767
3981718,Washington Court House,Ohio,39,6694,25,-83.4276710047,39.5383475172
3981732,Washingtonville,Ohio,39,553,47,-80.7677282914,40.8990253402
3981760,Waterford,Ohio,39,407,57,-81.6423735319,39.5406644618
3981858,Waterville,Ohio,39,2303,25,-83.736646068,41.5014200611
3981928,Wauseon,Ohio,39,2897,25,-84.1406699586,41.5533444867
3981935,Waverly,Ohio,39,2651,47,-82.9836003284,39.1256026648
3982334,Wayne,Ohio,39,605,47,-83.4717265016,41.3009609925
3982348,Wayne Lakes,Ohio,39,643,47,-84.6624783982,40.0216263166
3982376,Waynesburg,Ohio,39,659,47,-81.2598099015,40.6682631309
3982390,Waynesfield,Ohio,39,561,47,-83.9733577323,40.6024246312
3982418,Waynesville,Ohio,39,1227,47,-84.0903269466,39.5328933883
3982642,Wellington,Ohio,39,2460,47,-82.2267266674,41.1610247391
3982712,Wellston,Ohio,39,4529,25,-82.5375032549,39.1172072501
3982740,Wellsville,Ohio,39,2595,47,-80.6549491755,40.6042764946
3982880,West Alexandria,Ohio,39,667,47,-84.5361619515,39.745081948
3983090,West Carrollton,Ohio,39,5473,25,-84.2540393397,39.669982413
3983216,West Elkton,Ohio,39,151,47,-84.5597805557,39.5881384741
3983342,Westerville,Ohio,39,14627,25,-82.9209507886,40.1241097145
3983384,West Farmington,Ohio,39,274,47,-80.9729663192,41.3908514543
3983468,Westfield Center,Ohio,39,705,47,-81.9314505195,41.0282621549
3983541,West Hill,Ohio,39,2176,57,-80.5274279534,41.2297558454
3983580,West Jefferson,Ohio,39,2099,47,-83.2992533217,39.9487357979
3983608,West Lafayette,Ohio,39,1302,47,-81.7517079609,40.2760700484
3983622,Westlake,Ohio,39,13553,25,-81.9294762205,41.4524262676
3983706,West Leipsic,Ohio,39,206,47,-84.0010124178,41.1052374765
3983734,West Liberty,Ohio,39,839,47,-83.7585814896,40.2562591325
3983804,West Manchester,Ohio,39,257,47,-84.6263256028,39.9033203204
3983818,West Mansfield,Ohio,39,481,47,-83.5444153644,40.4006539679
3983888,West Millgrove,Ohio,39,188,47,-83.4914072026,41.2427453354
3983902,West Milton,Ohio,39,2032,47,-84.3261247788,39.9584169292
3983930,Westminster,Ohio,39,230,57,-83.9794622935,40.6990203256
3983972,Weston,Ohio,39,951,47,-83.794730645,41.3463923078
3984140,West Portsmouth,Ohio,39,2238,57,-83.0416586842,38.7621703716
3984182,West Rushville,Ohio,39,109,47,-82.4484299238,39.7638812091
3984196,West Salem,Ohio,39,1047,47,-82.1077602638,40.969663041
3984294,West Union,Ohio,39,1592,47,-83.5440913448,38.791684339
3984308,West Unity,Ohio,39,931,47,-84.43063924,41.5885357161
3984528,Wetherington,Ohio,39,853,57,-84.3766925098,39.3633446779
3984574,Wharton,Ohio,39,326,47,-83.4648103578,40.8613057209
3984588,Wheelersburg,Ohio,39,3747,57,-82.8421152509,38.7382975476
3984742,Whitehall,Ohio,39,5935,25,-82.8833434246,39.9682354183
3984770,Whitehouse,Ohio,39,2054,47,-83.7958471473,41.5214788018
3984812,White Oak,Ohio,39,8701,57,-84.6058911663,39.2104150303
3984882,Whites Landing,Ohio,39,330,57,-82.8958341311,41.4308775812
3985036,Wickliffe,Ohio,39,6471,25,-81.4690218663,41.6072373204
3985085,Wightmans Grove,Ohio,39,98,57,-83.0465847953,41.4240609052
3985092,Wilberforce,Ohio,39,410,57,-83.8846980408,39.7150891458
3985190,Wilkesville,Ohio,39,186,47,-82.3271751928,39.0764501541
3985232,Willard,Ohio,39,3287,25,-82.7232272921,41.05177151
3985288,Williamsburg,Ohio,39,1856,47,-84.0475403732,39.0554409766
3985344,Williamsdale,Ohio,39,439,57,-84.5298311037,39.4420744939
3985414,Williamsport,Ohio,39,697,47,-83.1205551083,39.5823878906
3985442,Williston,Ohio,39,237,57,-83.3419089971,41.6026136545
3985484,Willoughby,Ohio,39,10231,25,-81.4083543929,41.646155121
3985512,Willoughby Hills,Ohio,39,3305,25,-81.4332627071,41.5872813401
3985638,Willowick,Ohio,39,6348,25,-81.467906701,41.6342988966
3985736,Willshire,Ohio,39,304,47,-84.7925060546,40.7465796165
3985792,Wilmington,Ohio,39,5963,25,-83.818361606,39.4386447692
3985806,Wilmot,Ohio,39,219,47,-81.6343918059,40.6559060653
3985834,Wilson,Ohio,39,218,47,-81.0689126947,39.8597734041
3985876,Winchester,Ohio,39,594,47,-83.6539934858,38.9436202584
3985946,Windham,Ohio,39,899,47,-81.0373458062,41.2374745821
3986072,Winesburg,Ohio,39,261,57,-81.6947373052,40.6174856108
3986184,Wintersville,Ohio,39,2505,47,-80.7095115074,40.3790466742
3986254,Withamsville,Ohio,39,2373,57,-84.280769624,39.0627895801
3986282,Wolfhurst,Ohio,39,718,57,-80.78104172,40.0689895359
3986366,Woodlawn,Ohio,39,1823,47,-84.4709372125,39.2555405051
3986394,Woodmere,Ohio,39,407,47,-81.4798563988,41.4599707031
3986436,Woodsfield,Ohio,39,1899,47,-81.1167749176,39.7630466548
3986478,Woodstock,Ohio,39,253,47,-83.5280654433,40.1736102882
3986492,Woodville,Ohio,39,1121,47,-83.3639879937,41.4510284742
3986548,Wooster,Ohio,39,11537,25,-81.9337659298,40.8166344915
3986604,Worthington,Ohio,39,6305,25,-83.0208049735,40.0949597535
3986632,Wren,Ohio,39,166,47,-84.7746020821,40.8005523738
3986730,Wyoming,Ohio,39,4099,25,-84.4813728404,39.2295306013
3986772,Xenia,Ohio,39,12259,25,-83.9413859251,39.6828651822
3986940,Yellow Springs,Ohio,39,2354,47,-83.890472676,39.7985983883
3987164,Yorkshire,Ohio,39,65,47,-84.4950258362,40.325308961
3987178,Yorkville,Ohio,39,769,47,-80.7078689822,40.1528160058
3988000,Youngstown,Ohio,39,60656,25,-80.646337068,41.0993366176
3988028,Zaleski,Ohio,39,494,47,-82.3950000993,39.2810672549
3988070,Zanesfield,Ohio,39,132,47,-83.677889574,40.3386209019
3988084,Zanesville,Ohio,39,14866,25,-82.0133385204,39.9567749936
3988168,Zoar,Ohio,39,296,47,-81.4232292958,40.613421163
